,network_type,noise,threshold,trust_min,trust_max,truth_fraction,mean_persistent,std_persistent
0,ER,0.05,0.5,0.2,0.4,0.05,0.2375,0.027726341266023538
1,ER,0.05,0.5,0.2,0.4,0.1,0.2385,0.023932195887548642
2,ER,0.05,0.5,0.2,0.4,0.2,0.278,0.030099833886584822
3,ER,0.05,0.5,0.2,0.4,0.3,0.3195,0.026547127904916566
4,ER,0.05,0.5,0.2,0.4,0.4,0.3165,0.033207679834640666
5,ER,0.05,0.5,0.2,0.4,0.5,0.31250000000000006,0.024057223447438814
6,ER,0.05,0.5,0.4,0.6,0.05,0.24050000000000002,0.03814118508908709
7,ER,0.05,0.5,0.4,0.6,0.1,0.24100000000000005,0.029308701779505692
8,ER,0.05,0.5,0.4,0.6,0.2,0.30599999999999994,0.029732137494637014
9,ER,0.05,0.5,0.4,0.6,0.3,0.32549999999999996,0.030573681492420894
10,ER,0.05,0.5,0.4,0.6,0.4,0.33699999999999997,0.030016662039607272
11,ER,0.05,0.5,0.4,0.6,0.5,0.318,0.029597297173897488
12,ER,0.05,0.5,0.6,0.8,0.05,0.41550000000000004,0.1864262588800194
13,ER,0.05,0.5,0.6,0.8,0.1,0.32399999999999995,0.16267759526130204
14,ER,0.05,0.5,0.6,0.8,0.2,0.2415,0.13679455398516419
15,ER,0.05,0.5,0.6,0.8,0.3,0.27949999999999997,0.10915470672398878
16,ER,0.05,0.5,0.6,0.8,0.4,0.16149999999999995,0.0817480886626715
17,ER,0.05,0.5,0.6,0.8,0.5,0.12050000000000001,0.04914010581999188
18,ER,0.05,0.5,0.8,1.0,0.05,0.9369999999999999,0.010999999999999968
19,ER,0.05,0.5,0.8,1.0,0.1,0.8469999999999999,0.058830264320330915
20,ER,0.05,0.5,0.8,1.0,0.2,0.6134999999999999,0.15311025439205567
21,ER,0.05,0.5,0.8,1.0,0.3,0.0915,0.1725478194588387
22,ER,0.05,0.5,0.8,1.0,0.4,0.0075000000000000015,0.022994564575133842
23,ER,0.05,0.5,0.8,1.0,0.5,0.0055,0.023973944189473705
24,ER,0.05,0.6,0.2,0.4,0.05,0.20050000000000004,0.028191310718020897
25,ER,0.05,0.6,0.2,0.4,0.1,0.2225,0.0325384388070479
26,ER,0.05,0.6,0.2,0.4,0.2,0.2595,0.03007906248539006
27,ER,0.05,0.6,0.2,0.4,0.3,0.2985000000000001,0.03623189202898463
28,ER,0.05,0.6,0.2,0.4,0.4,0.3215,0.024954959426935562
29,ER,0.05,0.6,0.2,0.4,0.5,0.31849999999999995,0.032446109165815244
30,ER,0.05,0.6,0.4,0.6,0.05,0.18500000000000003,0.04566180022732349
31,ER,0.05,0.6,0.4,0.6,0.1,0.22100000000000003,0.02808914381037628
32,ER,0.05,0.6,0.4,0.6,0.2,0.274,0.0348425027803687
33,ER,0.05,0.6,0.4,0.6,0.3,0.29050000000000004,0.03598263470064413
34,ER,0.05,0.6,0.4,0.6,0.4,0.316,0.034985711369071804
35,ER,0.05,0.6,0.4,0.6,0.5,0.3205,0.03680692869555948
36,ER,0.05,0.6,0.6,0.8,0.05,0.4335,0.18783703042797498
37,ER,0.05,0.6,0.6,0.8,0.1,0.3440000000000001,0.1729566419655516
38,ER,0.05,0.6,0.6,0.8,0.2,0.28200000000000003,0.14961951744341379
39,ER,0.05,0.6,0.6,0.8,0.3,0.21949999999999997,0.12427690855504896
40,ER,0.05,0.6,0.6,0.8,0.4,0.14950000000000002,0.07446307809914925
41,ER,0.05,0.6,0.6,0.8,0.5,0.099,0.055578772926361014
42,ER,0.05,0.6,0.8,1.0,0.05,0.9415000000000001,0.010136567466356614
43,ER,0.05,0.6,0.8,1.0,0.1,0.8589999999999998,0.030479501308256343
44,ER,0.05,0.6,0.8,1.0,0.2,0.6359999999999999,0.1054229576515476
45,ER,0.05,0.6,0.8,1.0,0.3,0.1285,0.16611065588937995
46,ER,0.05,0.6,0.8,1.0,0.4,0.001,0.003
47,ER,0.05,0.6,0.8,1.0,0.5,0.007000000000000001,0.030512292604784722
48,ER,0.05,0.7,0.2,0.4,0.05,0.169,0.02567099530598687
49,ER,0.05,0.7,0.2,0.4,0.1,0.184,0.03773592452822641
50,ER,0.05,0.7,0.2,0.4,0.2,0.242,0.026570660511172847
51,ER,0.05,0.7,0.2,0.4,0.3,0.269,0.031921779399024734
52,ER,0.05,0.7,0.2,0.4,0.4,0.30400000000000005,0.03469870314579495
53,ER,0.05,0.7,0.2,0.4,0.5,0.3155,0.030409702399069944
54,ER,0.05,0.7,0.4,0.6,0.05,0.15150000000000002,0.026129485260907838
55,ER,0.05,0.7,0.4,0.6,0.1,0.191,0.04097560249709575
56,ER,0.05,0.7,0.4,0.6,0.2,0.246,0.02973213749463701
57,ER,0.05,0.7,0.4,0.6,0.3,0.284,0.054442630355264796
58,ER,0.05,0.7,0.4,0.6,0.4,0.30650000000000005,0.031028212968200408
59,ER,0.05,0.7,0.4,0.6,0.5,0.3105,0.03138072656902641
60,ER,0.05,0.7,0.6,0.8,0.05,0.484,0.13443957750603056
61,ER,0.05,0.7,0.6,0.8,0.1,0.36800000000000005,0.1844884820253015
62,ER,0.05,0.7,0.6,0.8,0.2,0.29100000000000004,0.16155184926208677
63,ER,0.05,0.7,0.6,0.8,0.3,0.2125,0.0930524045901018
64,ER,0.05,0.7,0.6,0.8,0.4,0.19050000000000003,0.08969253034673512
65,ER,0.05,0.7,0.6,0.8,0.5,0.1145,0.06437973283573022
66,ER,0.05,0.7,0.8,1.0,0.05,0.9385,0.017965244223221658
67,ER,0.05,0.7,0.8,1.0,0.1,0.8644999999999999,0.025391927851189253
68,ER,0.05,0.7,0.8,1.0,0.2,0.5145,0.21418391629625225
69,ER,0.05,0.7,0.8,1.0,0.3,0.2165,0.24876243687502342
70,ER,0.05,0.7,0.8,1.0,0.4,0.0035000000000000005,0.015256146302392361
71,ER,0.05,0.7,0.8,1.0,0.5,0.0005,0.002179449471770337
72,ER,0.05,0.8,0.2,0.4,0.05,0.1385,0.026509432283623124
73,ER,0.05,0.8,0.2,0.4,0.1,0.1655,0.039303307748839666
74,ER,0.05,0.8,0.2,0.4,0.2,0.2085,0.032599846625406076
75,ER,0.05,0.8,0.2,0.4,0.3,0.25149999999999995,0.03409912022325503
76,ER,0.05,0.8,0.2,0.4,0.4,0.29650000000000004,0.0385064929589803
77,ER,0.05,0.8,0.2,0.4,0.5,0.31399999999999995,0.03706750598570128
78,ER,0.05,0.8,0.4,0.6,0.05,0.1345,0.040555517503787324
79,ER,0.05,0.8,0.4,0.6,0.1,0.16249999999999998,0.037533318531672626
80,ER,0.05,0.8,0.4,0.6,0.2,0.21400000000000002,0.03773592452822642
81,ER,0.05,0.8,0.4,0.6,0.3,0.28150000000000003,0.029878922336657326
82,ER,0.05,0.8,0.4,0.6,0.4,0.318,0.031080540535840098
83,ER,0.05,0.8,0.4,0.6,0.5,0.3175,0.026995369973386182
84,ER,0.05,0.8,0.6,0.8,0.05,0.336,0.15353826884526214
85,ER,0.05,0.8,0.6,0.8,0.1,0.42300000000000004,0.1630674706984811
86,ER,0.05,0.8,0.6,0.8,0.2,0.31500000000000006,0.13211737205984686
87,ER,0.05,0.8,0.6,0.8,0.3,0.22649999999999998,0.0951459405334773
88,ER,0.05,0.8,0.6,0.8,0.4,0.142,0.0812773031048644
89,ER,0.05,0.8,0.6,0.8,0.5,0.1065,0.05790293602227784
90,ER,0.05,0.8,0.8,1.0,0.05,0.9355,0.015960889699512336
91,ER,0.05,0.8,0.8,1.0,0.1,0.8535,0.031188940347501384
92,ER,0.05,0.8,0.8,1.0,0.2,0.6045,0.11997812300582135
93,ER,0.05,0.8,0.8,1.0,0.3,0.22149999999999997,0.1909260327980446
94,ER,0.05,0.8,0.8,1.0,0.4,0.015,0.03278719262151
95,ER,0.05,0.8,0.8,1.0,0.5,0.0,0.0
96,ER,0.05,0.9,0.2,0.4,0.05,0.085,0.027110883423451918
97,ER,0.05,0.9,0.2,0.4,0.1,0.1155,0.02765411361804967
98,ER,0.05,0.9,0.2,0.4,0.2,0.183,0.035651086939951775
99,ER,0.05,0.9,0.2,0.4,0.3,0.23200000000000004,0.029765752132274434
100,ER,0.05,0.9,0.2,0.4,0.4,0.278,0.030430248109405884
101,ER,0.05,0.9,0.2,0.4,0.5,0.30399999999999994,0.032310988842807024
102,ER,0.05,0.9,0.4,0.6,0.05,0.1,0.034641016151377546
103,ER,0.05,0.9,0.4,0.6,0.1,0.14350000000000002,0.03496784236981172
104,ER,0.05,0.9,0.4,0.6,0.2,0.205,0.0381444622455213
105,ER,0.05,0.9,0.4,0.6,0.3,0.2535,0.03811495769379786
106,ER,0.05,0.9,0.4,0.6,0.4,0.2834999999999999,0.036506848672543626
107,ER,0.05,0.9,0.4,0.6,0.5,0.3175,0.022107690969434147
108,ER,0.05,0.9,0.6,0.8,0.05,0.414,0.14001428498549712
109,ER,0.05,0.9,0.6,0.8,0.1,0.43150000000000005,0.17920030691938002
110,ER,0.05,0.9,0.6,0.8,0.2,0.2425,0.12376893794486564
111,ER,0.05,0.9,0.6,0.8,0.3,0.24050000000000002,0.13665558898193664
112,ER,0.05,0.9,0.6,0.8,0.4,0.192,0.11084223021935277
113,ER,0.05,0.9,0.6,0.8,0.5,0.14049999999999999,0.06614189292725149
114,ER,0.05,0.9,0.8,1.0,0.05,0.931,0.026438608132804554
115,ER,0.05,0.9,0.8,1.0,0.1,0.8554999999999999,0.03106042498099471
116,ER,0.05,0.9,0.8,1.0,0.2,0.589,0.1432096365472659
117,ER,0.05,0.9,0.8,1.0,0.3,0.1685,0.1822162177194994
118,ER,0.05,0.9,0.8,1.0,0.4,0.018,0.045343136195018535
119,ER,0.05,0.9,0.8,1.0,0.5,0.0035000000000000005,0.011521718621802915
120,ER,0.1,0.5,0.2,0.4,0.05,0.22200000000000006,0.03249615361854384
121,ER,0.1,0.5,0.2,0.4,0.1,0.24,0.029325756597230364
122,ER,0.1,0.5,0.2,0.4,0.2,0.27849999999999997,0.03636963018783666
123,ER,0.1,0.5,0.2,0.4,0.3,0.306,0.028354893757515643
124,ER,0.1,0.5,0.2,0.4,0.4,0.32599999999999996,0.02083266665599966
125,ER,0.1,0.5,0.2,0.4,0.5,0.32999999999999996,0.032557641192199414
126,ER,0.1,0.5,0.4,0.6,0.05,0.24200000000000005,0.03108054053584011
127,ER,0.1,0.5,0.4,0.6,0.1,0.253,0.033778691508109075
128,ER,0.1,0.5,0.4,0.6,0.2,0.29000000000000004,0.034351128074635334
129,ER,0.1,0.5,0.4,0.6,0.3,0.316,0.03693237062523877
130,ER,0.1,0.5,0.4,0.6,0.4,0.33499999999999996,0.03278719262151
131,ER,0.1,0.5,0.4,0.6,0.5,0.32849999999999996,0.03290516676754578
132,ER,0.1,0.5,0.6,0.8,0.05,0.46849999999999997,0.16859048015828176
133,ER,0.1,0.5,0.6,0.8,0.1,0.367,0.15352849898308782
134,ER,0.1,0.5,0.6,0.8,0.2,0.188,0.12742056348957181
135,ER,0.1,0.5,0.6,0.8,0.3,0.199,0.09699999999999999
136,ER,0.1,0.5,0.6,0.8,0.4,0.17,0.07974960814950754
137,ER,0.1,0.5,0.6,0.8,0.5,0.129,0.07892401408950257
138,ER,0.1,0.5,0.8,1.0,0.05,0.9335000000000001,0.01458595214581479
139,ER,0.1,0.5,0.8,1.0,0.1,0.8570000000000002,0.045617978911828186
140,ER,0.1,0.5,0.8,1.0,0.2,0.5075,0.26579832580360624
141,ER,0.1,0.5,0.8,1.0,0.3,0.08499999999999999,0.1333604139165742
142,ER,0.1,0.5,0.8,1.0,0.4,0.0,0.0
143,ER,0.1,0.5,0.8,1.0,0.5,0.0,0.0
144,ER,0.1,0.6,0.2,0.4,0.05,0.1875,0.025470571253900055
145,ER,0.1,0.6,0.2,0.4,0.1,0.23700000000000004,0.038091993909481814
146,ER,0.1,0.6,0.2,0.4,0.2,0.2625,0.023637893307145632
147,ER,0.1,0.6,0.2,0.4,0.3,0.30350000000000005,0.02725344014982329
148,ER,0.1,0.6,0.2,0.4,0.4,0.321,0.03330165161069343
149,ER,0.1,0.6,0.2,0.4,0.5,0.31849999999999995,0.0226439837484485
150,ER,0.1,0.6,0.4,0.6,0.05,0.20450000000000004,0.02578274616870747
151,ER,0.1,0.6,0.4,0.6,0.1,0.22599999999999998,0.03426368339802363
152,ER,0.1,0.6,0.4,0.6,0.2,0.2715000000000001,0.03305676935213119
153,ER,0.1,0.6,0.4,0.6,0.3,0.308,0.03059411708155671
154,ER,0.1,0.6,0.4,0.6,0.4,0.313,0.03148015247739439
155,ER,0.1,0.6,0.4,0.6,0.5,0.31599999999999995,0.030397368307141338
156,ER,0.1,0.6,0.6,0.8,0.05,0.35700000000000004,0.1598780785473731
157,ER,0.1,0.6,0.6,0.8,0.1,0.37950000000000006,0.19048556375746692
158,ER,0.1,0.6,0.6,0.8,0.2,0.24200000000000005,0.13592645070036957
159,ER,0.1,0.6,0.6,0.8,0.3,0.20500000000000002,0.1183427226321923
160,ER,0.1,0.6,0.6,0.8,0.4,0.11700000000000002,0.07321885003194191
161,ER,0.1,0.6,0.6,0.8,0.5,0.119,0.08227393268830657
162,ER,0.1,0.6,0.8,1.0,0.05,0.9385,0.014239030865898115
163,ER,0.1,0.6,0.8,1.0,0.1,0.8185,0.15669317151682136
164,ER,0.1,0.6,0.8,1.0,0.2,0.6255,0.10346376177193636
165,ER,0.1,0.6,0.8,1.0,0.3,0.145,0.1869358178627092
166,ER,0.1,0.6,0.8,1.0,0.4,0.0055,0.023973944189473705
167,ER,0.1,0.6,0.8,1.0,0.5,0.0005,0.002179449471770337
168,ER,0.1,0.7,0.2,0.4,0.05,0.1585,0.027977669667075558
169,ER,0.1,0.7,0.2,0.4,0.1,0.19150000000000003,0.032752862470324634
170,ER,0.1,0.7,0.2,0.4,0.2,0.22150000000000003,0.02920188350089768
171,ER,0.1,0.7,0.2,0.4,0.3,0.2665,0.03758656674930552
172,ER,0.1,0.7,0.2,0.4,0.4,0.3045,0.028892040426387322
173,ER,0.1,0.7,0.2,0.4,0.5,0.30699999999999994,0.027946377224964236
174,ER,0.1,0.7,0.4,0.6,0.05,0.16099999999999998,0.0422965719651132
175,ER,0.1,0.7,0.4,0.6,0.1,0.199,0.044485952839070454
176,ER,0.1,0.7,0.4,0.6,0.2,0.24949999999999997,0.030736785778607365
177,ER,0.1,0.7,0.4,0.6,0.3,0.2845,0.038009867139994054
178,ER,0.1,0.7,0.4,0.6,0.4,0.30849999999999994,0.04596466033813369
179,ER,0.1,0.7,0.4,0.6,0.5,0.299,0.03562302626111375
180,ER,0.1,0.7,0.6,0.8,0.05,0.322,0.18290981384277882
181,ER,0.1,0.7,0.6,0.8,0.1,0.36450000000000005,0.212543524954302
182,ER,0.1,0.7,0.6,0.8,0.2,0.23850000000000002,0.17810881505416848
183,ER,0.1,0.7,0.6,0.8,0.3,0.21799999999999997,0.12979214151866053
184,ER,0.1,0.7,0.6,0.8,0.4,0.10900000000000001,0.09104394543296111
185,ER,0.1,0.7,0.6,0.8,0.5,0.09900000000000002,0.060074953183502346
186,ER,0.1,0.7,0.8,1.0,0.05,0.9335000000000001,0.01981792118260639
187,ER,0.1,0.7,0.8,1.0,0.1,0.8540000000000001,0.04340506882842141
188,ER,0.1,0.7,0.8,1.0,0.2,0.5980000000000001,0.13585286158193358
189,ER,0.1,0.7,0.8,1.0,0.3,0.097,0.1690295832095672
190,ER,0.1,0.7,0.8,1.0,0.4,0.0005,0.0021794494717703367
191,ER,0.1,0.7,0.8,1.0,0.5,0.0,0.0
192,ER,0.1,0.8,0.2,0.4,0.05,0.11900000000000002,0.03128897569432403
193,ER,0.1,0.8,0.2,0.4,0.1,0.15450000000000003,0.028368115905008567
194,ER,0.1,0.8,0.2,0.4,0.2,0.20950000000000002,0.029064583258667242
195,ER,0.1,0.8,0.2,0.4,0.3,0.25550000000000006,0.032476914878109955
196,ER,0.1,0.8,0.2,0.4,0.4,0.30199999999999994,0.03802630668366309
197,ER,0.1,0.8,0.2,0.4,0.5,0.298,0.033105890714493685
198,ER,0.1,0.8,0.4,0.6,0.05,0.138,0.03429285639896449
199,ER,0.1,0.8,0.4,0.6,0.1,0.17550000000000004,0.022907422377910613
200,ER,0.1,0.8,0.4,0.6,0.2,0.2325,0.03284432979982999
201,ER,0.1,0.8,0.4,0.6,0.3,0.2595,0.04005933099790859
202,ER,0.1,0.8,0.4,0.6,0.4,0.30800000000000005,0.029597297173897478
203,ER,0.1,0.8,0.4,0.6,0.5,0.3055,0.024994999499899976
204,ER,0.1,0.8,0.6,0.8,0.05,0.364,0.13839797686382557
205,ER,0.1,0.8,0.6,0.8,0.1,0.281,0.17549643871030546
206,ER,0.1,0.8,0.6,0.8,0.2,0.3425000000000001,0.1409920210508382
207,ER,0.1,0.8,0.6,0.8,0.3,0.162,0.09677809669548168
208,ER,0.1,0.8,0.6,0.8,0.4,0.16349999999999998,0.08082542916681607
209,ER,0.1,0.8,0.6,0.8,0.5,0.125,0.06272957835024878
210,ER,0.1,0.8,0.8,1.0,0.05,0.933,0.018466185312619357
211,ER,0.1,0.8,0.8,1.0,0.1,0.8634999999999999,0.027253440149823296
212,ER,0.1,0.8,0.8,1.0,0.2,0.48100000000000004,0.22122160834782845
213,ER,0.1,0.8,0.8,1.0,0.3,0.152,0.20874865269026285
214,ER,0.1,0.8,0.8,1.0,0.4,0.0025,0.007664854858377946
215,ER,0.1,0.8,0.8,1.0,0.5,0.0005,0.002179449471770337
216,ER,0.1,0.9,0.2,0.4,0.05,0.0905,0.023124662159694356
217,ER,0.1,0.9,0.2,0.4,0.1,0.11649999999999998,0.029542342493444895
218,ER,0.1,0.9,0.2,0.4,0.2,0.2045,0.03667083309661781
219,ER,0.1,0.9,0.2,0.4,0.3,0.22750000000000004,0.03589916433567779
220,ER,0.1,0.9,0.2,0.4,0.4,0.2765,0.036643553321150504
221,ER,0.1,0.9,0.2,0.4,0.5,0.30799999999999994,0.0388072158238645
222,ER,0.1,0.9,0.4,0.6,0.05,0.1095,0.025391927851189242
223,ER,0.1,0.9,0.4,0.6,0.1,0.143,0.034219877264537346
224,ER,0.1,0.9,0.4,0.6,0.2,0.20950000000000002,0.048007811864320585
225,ER,0.1,0.9,0.4,0.6,0.3,0.248,0.03982461550347975
226,ER,0.1,0.9,0.4,0.6,0.4,0.29600000000000004,0.03231098884280702
227,ER,0.1,0.9,0.4,0.6,0.5,0.306,0.03292415526630866
228,ER,0.1,0.9,0.6,0.8,0.05,0.35550000000000004,0.15882301470504837
229,ER,0.1,0.9,0.6,0.8,0.1,0.404,0.18802659386374046
230,ER,0.1,0.9,0.6,0.8,0.2,0.2925,0.13352434235
231,ER,0.1,0.9,0.6,0.8,0.3,0.21400000000000002,0.1214660446379975
232,ER,0.1,0.9,0.6,0.8,0.4,0.1515,0.06627782434570403
233,ER,0.1,0.9,0.6,0.8,0.5,0.12899999999999998,0.07816009211867653
234,ER,0.1,0.9,0.8,1.0,0.05,0.9280000000000002,0.021587033144922874
235,ER,0.1,0.9,0.8,1.0,0.1,0.8485000000000001,0.04628984769903656
236,ER,0.1,0.9,0.8,1.0,0.2,0.6205,0.14072935017259194
237,ER,0.1,0.9,0.8,1.0,0.3,0.14700000000000002,0.15874822833657073
238,ER,0.1,0.9,0.8,1.0,0.4,0.009,0.039230090491866064
239,ER,0.1,0.9,0.8,1.0,0.5,0.0,0.0
240,ER,0.15,0.5,0.2,0.4,0.05,0.22400000000000003,0.03839270764090493
241,ER,0.15,0.5,0.2,0.4,0.1,0.2455,0.028543825952384166
242,ER,0.15,0.5,0.2,0.4,0.2,0.2755,0.022017038856304
243,ER,0.15,0.5,0.2,0.4,0.3,0.3125,0.025273503912200214
244,ER,0.15,0.5,0.2,0.4,0.4,0.31749999999999995,0.029133314263914432
245,ER,0.15,0.5,0.2,0.4,0.5,0.31649999999999995,0.025548972582082434
246,ER,0.15,0.5,0.4,0.6,0.05,0.25,0.029325756597230364
247,ER,0.15,0.5,0.4,0.6,0.1,0.26149999999999995,0.03134884367883447
248,ER,0.15,0.5,0.4,0.6,0.2,0.29900000000000004,0.030479501308256336
249,ER,0.15,0.5,0.4,0.6,0.3,0.30950000000000005,0.03278337993557101
250,ER,0.15,0.5,0.4,0.6,0.4,0.3225,0.03176082492631449
251,ER,0.15,0.5,0.4,0.6,0.5,0.32199999999999995,0.027129319932501072
252,ER,0.15,0.5,0.6,0.8,0.05,0.41,0.2023116407921205
253,ER,0.15,0.5,0.6,0.8,0.1,0.374,0.15311433636338564
254,ER,0.15,0.5,0.6,0.8,0.2,0.25850000000000006,0.15701194222096612
255,ER,0.15,0.5,0.6,0.8,0.3,0.183,0.10696261028976435
256,ER,0.15,0.5,0.6,0.8,0.4,0.1315,0.0845739321540627
257,ER,0.15,0.5,0.6,0.8,0.5,0.1115,0.07261370394078519
258,ER,0.15,0.5,0.8,1.0,0.05,0.933,0.021470910553583866
259,ER,0.15,0.5,0.8,1.0,0.1,0.8559999999999999,0.024372115213907884
260,ER,0.15,0.5,0.8,1.0,0.2,0.4109999999999999,0.2268457625788941
261,ER,0.15,0.5,0.8,1.0,0.3,0.08449999999999999,0.15945140325503568
262,ER,0.15,0.5,0.8,1.0,0.4,0.006500000000000001,0.02833284313301438
263,ER,0.15,0.5,0.8,1.0,0.5,0.0005,0.002179449471770337
264,ER,0.15,0.6,0.2,0.4,0.05,0.196,0.03261901286060018
265,ER,0.15,0.6,0.2,0.4,0.1,0.219,0.025278449319529078
266,ER,0.15,0.6,0.2,0.4,0.2,0.28,0.023664319132398463
267,ER,0.15,0.6,0.2,0.4,0.3,0.28900000000000003,0.024269322199023193
268,ER,0.15,0.6,0.2,0.4,0.4,0.30449999999999994,0.03734635189680512
269,ER,0.15,0.6,0.2,0.4,0.5,0.32,0.02756809750418045
270,ER,0.15,0.6,0.4,0.6,0.05,0.19150000000000003,0.026697378148424985
271,ER,0.15,0.6,0.4,0.6,0.1,0.22600000000000006,0.0356931365951495
272,ER,0.15,0.6,0.4,0.6,0.2,0.275,0.034999999999999996
273,ER,0.15,0.6,0.4,0.6,0.3,0.2895,0.026547127904916572
274,ER,0.15,0.6,0.4,0.6,0.4,0.31600000000000006,0.04054626986542658
275,ER,0.15,0.6,0.4,0.6,0.5,0.31000000000000005,0.022803508501982764
276,ER,0.15,0.6,0.6,0.8,0.05,0.4745000000000001,0.206820574411735
277,ER,0.15,0.6,0.6,0.8,0.1,0.263,0.17306357213463497
278,ER,0.15,0.6,0.6,0.8,0.2,0.251,0.13985349477220796
279,ER,0.15,0.6,0.6,0.8,0.3,0.19299999999999998,0.12751862609046571
280,ER,0.15,0.6,0.6,0.8,0.4,0.13500000000000004,0.09583840566286565
281,ER,0.15,0.6,0.6,0.8,0.5,0.11950000000000001,0.06256796304819263
282,ER,0.15,0.6,0.8,1.0,0.05,0.93,0.023664319132398446
283,ER,0.15,0.6,0.8,1.0,0.1,0.8445,0.05004747745890896
284,ER,0.15,0.6,0.8,1.0,0.2,0.6335,0.13062446172137895
285,ER,0.15,0.6,0.8,1.0,0.3,0.14550000000000002,0.2011585195809514
286,ER,0.15,0.6,0.8,1.0,0.4,0.0005,0.002179449471770337
287,ER,0.15,0.6,0.8,1.0,0.5,0.0,0.0
288,ER,0.15,0.7,0.2,0.4,0.05,0.1655,0.02597595041572108
289,ER,0.15,0.7,0.2,0.4,0.1,0.194,0.032619012860600184
290,ER,0.15,0.7,0.2,0.4,0.2,0.23650000000000002,0.03539420856580918
291,ER,0.15,0.7,0.2,0.4,0.3,0.2735,0.0359548327766936
292,ER,0.15,0.7,0.2,0.4,0.4,0.3084999999999999,0.0385064929589803
293,ER,0.15,0.7,0.2,0.4,0.5,0.30900000000000005,0.03254228019054597
294,ER,0.15,0.7,0.4,0.6,0.05,0.16800000000000004,0.021817424229271427
295,ER,0.15,0.7,0.4,0.6,0.1,0.202,0.03749666651850535
296,ER,0.15,0.7,0.4,0.6,0.2,0.2425,0.0317608249263145
297,ER,0.15,0.7,0.4,0.6,0.3,0.286,0.03292415526630865
298,ER,0.15,0.7,0.4,0.6,0.4,0.2965,0.03940494892776795
299,ER,0.15,0.7,0.4,0.6,0.5,0.308,0.028213471959331764
300,ER,0.15,0.7,0.6,0.8,0.05,0.36749999999999994,0.16021469970012112
301,ER,0.15,0.7,0.6,0.8,0.1,0.28300000000000003,0.127753669223236
302,ER,0.15,0.7,0.6,0.8,0.2,0.22149999999999997,0.11542421756286676
303,ER,0.15,0.7,0.6,0.8,0.3,0.1805,0.10234622611508448
304,ER,0.15,0.7,0.6,0.8,0.4,0.12899999999999998,0.07835177087979568
305,ER,0.15,0.7,0.6,0.8,0.5,0.101,0.05708765190476833
306,ER,0.15,0.7,0.8,1.0,0.05,0.9325000000000001,0.01639359631075497
307,ER,0.15,0.7,0.8,1.0,0.1,0.828,0.07941032678436728
308,ER,0.15,0.7,0.8,1.0,0.2,0.45150000000000007,0.2445255610360602
309,ER,0.15,0.7,0.8,1.0,0.3,0.07400000000000001,0.13628646301082145
310,ER,0.15,0.7,0.8,1.0,0.4,0.0225,0.0913167564031925
311,ER,0.15,0.7,0.8,1.0,0.5,0.0,0.0
312,ER,0.15,0.8,0.2,0.4,0.05,0.135,0.0239791576165636
313,ER,0.15,0.8,0.2,0.4,0.1,0.166,0.03411744421846396
314,ER,0.15,0.8,0.2,0.4,0.2,0.21050000000000005,0.03456515586540874
315,ER,0.15,0.8,0.2,0.4,0.3,0.261,0.038716921365211876
316,ER,0.15,0.8,0.2,0.4,0.4,0.2935,0.03636963018783666
317,ER,0.15,0.8,0.2,0.4,0.5,0.30799999999999994,0.03641428291206625
318,ER,0.15,0.8,0.4,0.6,0.05,0.13500000000000004,0.032480763537823434
319,ER,0.15,0.8,0.4,0.6,0.1,0.1695,0.033537292675468004
320,ER,0.15,0.8,0.4,0.6,0.2,0.24150000000000005,0.04682680856090878
321,ER,0.15,0.8,0.4,0.6,0.3,0.2725,0.028613807855648987
322,ER,0.15,0.8,0.4,0.6,0.4,0.311,0.035763109484495334
323,ER,0.15,0.8,0.4,0.6,0.5,0.3025,0.03176082492631449
324,ER,0.15,0.8,0.6,0.8,0.05,0.386,0.19103402838238007
325,ER,0.15,0.8,0.6,0.8,0.1,0.3075,0.17037825565488102
326,ER,0.15,0.8,0.6,0.8,0.2,0.2,0.13274034804836096
327,ER,0.15,0.8,0.6,0.8,0.3,0.223,0.11983738982471207
328,ER,0.15,0.8,0.6,0.8,0.4,0.10599999999999998,0.0938829057922687
329,ER,0.15,0.8,0.6,0.8,0.5,0.14100000000000001,0.07777531742140305
330,ER,0.15,0.8,0.8,1.0,0.05,0.9355,0.012835497652993398
331,ER,0.15,0.8,0.8,1.0,0.1,0.8554999999999999,0.039303307748839666
332,ER,0.15,0.8,0.8,1.0,0.2,0.582,0.16317475294910053
333,ER,0.15,0.8,0.8,1.0,0.3,0.095,0.1587608264024851
334,ER,0.15,0.8,0.8,1.0,0.4,0.0025,0.010897247358851685
335,ER,0.15,0.8,0.8,1.0,0.5,0.0,0.0
336,ER,0.15,0.9,0.2,0.4,0.05,0.08650000000000001,0.02612948526090784
337,ER,0.15,0.9,0.2,0.4,0.1,0.128,0.0307571129984594
338,ER,0.15,0.9,0.2,0.4,0.2,0.178,0.03059411708155671
339,ER,0.15,0.9,0.2,0.4,0.3,0.2375,0.03476708213238494
340,ER,0.15,0.9,0.2,0.4,0.4,0.275,0.04832183771339827
341,ER,0.15,0.9,0.2,0.4,0.5,0.29200000000000004,0.027856776554368246
342,ER,0.15,0.9,0.4,0.6,0.05,0.123,0.031320919526731654
343,ER,0.15,0.9,0.4,0.6,0.1,0.155,0.04944694126030447
344,ER,0.15,0.9,0.4,0.6,0.2,0.21550000000000002,0.03840247387864485
345,ER,0.15,0.9,0.4,0.6,0.3,0.2740000000000001,0.03455430508634199
346,ER,0.15,0.9,0.4,0.6,0.4,0.29400000000000004,0.02596150997149434
347,ER,0.15,0.9,0.4,0.6,0.5,0.3135,0.03468068626771967
348,ER,0.15,0.9,0.6,0.8,0.05,0.39849999999999997,0.18314679904382714
349,ER,0.15,0.9,0.6,0.8,0.1,0.314,0.1549645120664728
350,ER,0.15,0.9,0.6,0.8,0.2,0.2355,0.16578525266138722
351,ER,0.15,0.9,0.6,0.8,0.3,0.1575,0.08389725859645236
352,ER,0.15,0.9,0.6,0.8,0.4,0.138,0.06584831053261732
353,ER,0.15,0.9,0.6,0.8,0.5,0.1315,0.059099492383606816
354,ER,0.15,0.9,0.8,1.0,0.05,0.9325000000000001,0.024264171117101836
355,ER,0.15,0.9,0.8,1.0,0.1,0.8344999999999999,0.08862702748033469
356,ER,0.15,0.9,0.8,1.0,0.2,0.5425000000000001,0.21023498757342934
357,ER,0.15,0.9,0.8,1.0,0.3,0.1875,0.22873292285982796
358,ER,0.15,0.9,0.8,1.0,0.4,0.0005,0.002179449471770337
359,ER,0.15,0.9,0.8,1.0,0.5,0.0,0.0
360,BA,0.05,0.5,0.2,0.4,0.05,0.26799999999999996,0.03529872518944557
361,BA,0.05,0.5,0.2,0.4,0.1,0.28250000000000003,0.04010922587136281
362,BA,0.05,0.5,0.2,0.4,0.2,0.31299999999999994,0.03333166662499792
363,BA,0.05,0.5,0.2,0.4,0.3,0.32949999999999996,0.03556332380416656
364,BA,0.05,0.5,0.2,0.4,0.4,0.32199999999999995,0.03458323293158116
365,BA,0.05,0.5,0.2,0.4,0.5,0.3195,0.03427462618322774
366,BA,0.05,0.5,0.4,0.6,0.05,0.30300000000000005,0.04360045871318328
367,BA,0.05,0.5,0.4,0.6,0.1,0.3375,0.052808616721137465
368,BA,0.05,0.5,0.4,0.6,0.2,0.34900000000000003,0.058642987645583
369,BA,0.05,0.5,0.4,0.6,0.3,0.328,0.048332183894378294
370,BA,0.05,0.5,0.4,0.6,0.4,0.35500000000000004,0.044888751374926886
371,BA,0.05,0.5,0.4,0.6,0.5,0.3430000000000001,0.03148015247739439
372,BA,0.05,0.5,0.6,0.8,0.05,0.414,0.16954055562018192
373,BA,0.05,0.5,0.6,0.8,0.1,0.3355,0.15790740957915814
374,BA,0.05,0.5,0.6,0.8,0.2,0.3195,0.1859697556055823
375,BA,0.05,0.5,0.6,0.8,0.3,0.282,0.1396996778808026
376,BA,0.05,0.5,0.6,0.8,0.4,0.19550000000000003,0.08985961273008024
377,BA,0.05,0.5,0.6,0.8,0.5,0.17099999999999999,0.06847627326307996
378,BA,0.05,0.5,0.8,1.0,0.05,0.924,0.022226110770892846
379,BA,0.05,0.5,0.8,1.0,0.1,0.7995,0.06312487623750243
380,BA,0.05,0.5,0.8,1.0,0.2,0.5165000000000001,0.18807644722293113
381,BA,0.05,0.5,0.8,1.0,0.3,0.32250000000000006,0.18132498448917625
382,BA,0.05,0.5,0.8,1.0,0.4,0.03250000000000001,0.038062448686336514
383,BA,0.05,0.5,0.8,1.0,0.5,0.022500000000000003,0.026244046944021417
384,BA,0.05,0.6,0.2,0.4,0.05,0.22449999999999998,0.04652687395473717
385,BA,0.05,0.6,0.2,0.4,0.1,0.26550000000000007,0.04398579316097415
386,BA,0.05,0.6,0.2,0.4,0.2,0.30600000000000005,0.04851803788283282
387,BA,0.05,0.6,0.2,0.4,0.3,0.31899999999999995,0.04121892769104989
388,BA,0.05,0.6,0.2,0.4,0.4,0.324,0.04127953488110059
389,BA,0.05,0.6,0.2,0.4,0.5,0.3229999999999999,0.04439594576084622
390,BA,0.05,0.6,0.4,0.6,0.05,0.2555,0.041409539963636395
391,BA,0.05,0.6,0.4,0.6,0.1,0.28250000000000003,0.04678407848830626
392,BA,0.05,0.6,0.4,0.6,0.2,0.3245,0.04716725559114076
393,BA,0.05,0.6,0.4,0.6,0.3,0.3355,0.047799058568134996
394,BA,0.05,0.6,0.4,0.6,0.4,0.337,0.04232020793899765
395,BA,0.05,0.6,0.4,0.6,0.5,0.3175,0.037666297933298405
396,BA,0.05,0.6,0.6,0.8,0.05,0.413,0.12133012816279393
397,BA,0.05,0.6,0.6,0.8,0.1,0.3975,0.15198272928198128
398,BA,0.05,0.6,0.6,0.8,0.2,0.299,0.11746914488494416
399,BA,0.05,0.6,0.6,0.8,0.3,0.2385,0.11199441950383063
400,BA,0.05,0.6,0.6,0.8,0.4,0.22150000000000003,0.10335738967292082
401,BA,0.05,0.6,0.6,0.8,0.5,0.18150000000000002,0.05694514904713131
402,BA,0.05,0.6,0.8,1.0,0.05,0.9069999999999998,0.03407345007480163
403,BA,0.05,0.6,0.8,1.0,0.1,0.7955,0.12559757163257576
404,BA,0.05,0.6,0.8,1.0,0.2,0.619,0.11627123461974591
405,BA,0.05,0.6,0.8,1.0,0.3,0.2085,0.19670472795537985
406,BA,0.05,0.6,0.8,1.0,0.4,0.05450000000000001,0.1071669258680121
407,BA,0.05,0.6,0.8,1.0,0.5,0.031000000000000007,0.06195966429863869
408,BA,0.05,0.7,0.2,0.4,0.05,0.19400000000000003,0.026907248094147424
409,BA,0.05,0.7,0.2,0.4,0.1,0.2205,0.052007211038470426
410,BA,0.05,0.7,0.2,0.4,0.2,0.296,0.049436828377233094
411,BA,0.05,0.7,0.2,0.4,0.3,0.31050000000000005,0.05826448317800477
412,BA,0.05,0.7,0.2,0.4,0.4,0.3195,0.04352872614722374
413,BA,0.05,0.7,0.2,0.4,0.5,0.327,0.032878564445547195
414,BA,0.05,0.7,0.4,0.6,0.05,0.23150000000000004,0.045417507637473896
415,BA,0.05,0.7,0.4,0.6,0.1,0.257,0.048795491595023416
416,BA,0.05,0.7,0.4,0.6,0.2,0.299,0.043462627624201465
417,BA,0.05,0.7,0.4,0.6,0.3,0.29700000000000004,0.05206726418777925
418,BA,0.05,0.7,0.4,0.6,0.4,0.3335,0.059184035009451665
419,BA,0.05,0.7,0.4,0.6,0.5,0.3015,0.0366435533211505
420,BA,0.05,0.7,0.6,0.8,0.05,0.4459999999999999,0.17301445026355458
421,BA,0.05,0.7,0.6,0.8,0.1,0.42400000000000004,0.19024720760105784
422,BA,0.05,0.7,0.6,0.8,0.2,0.32899999999999996,0.1251758762701504
423,BA,0.05,0.7,0.6,0.8,0.3,0.23899999999999996,0.1064377752492037
424,BA,0.05,0.7,0.6,0.8,0.4,0.186,0.0782559901860554
425,BA,0.05,0.7,0.6,0.8,0.5,0.17350000000000002,0.05443114917030505
426,BA,0.05,0.7,0.8,1.0,0.05,0.9075,0.053840040861797264
427,BA,0.05,0.7,0.8,1.0,0.1,0.817,0.046378874501220906
428,BA,0.05,0.7,0.8,1.0,0.2,0.5525,0.18182065339229206
429,BA,0.05,0.7,0.8,1.0,0.3,0.20099999999999998,0.15079456223617616
430,BA,0.05,0.7,0.8,1.0,0.4,0.1115,0.10887033572098508
431,BA,0.05,0.7,0.8,1.0,0.5,0.017,0.017916472867168916
432,BA,0.05,0.8,0.2,0.4,0.05,0.1675,0.03176082492631449
433,BA,0.05,0.8,0.2,0.4,0.1,0.1985,0.05909949238360681
434,BA,0.05,0.8,0.2,0.4,0.2,0.24000000000000005,0.05167204273105526
435,BA,0.05,0.8,0.2,0.4,0.3,0.28850000000000003,0.05052474641203061
436,BA,0.05,0.8,0.2,0.4,0.4,0.31049999999999994,0.0381411850890871
437,BA,0.05,0.8,0.2,0.4,0.5,0.307,0.023473389188611006
438,BA,0.05,0.8,0.4,0.6,0.05,0.19950000000000004,0.03980891859872608
439,BA,0.05,0.8,0.4,0.6,0.1,0.23900000000000002,0.04988987873306569
440,BA,0.05,0.8,0.4,0.6,0.2,0.29500000000000004,0.04727578661429125
441,BA,0.05,0.8,0.4,0.6,0.3,0.3205,0.051621216568383976
442,BA,0.05,0.8,0.4,0.6,0.4,0.3275,0.05156306817868774
443,BA,0.05,0.8,0.4,0.6,0.5,0.3215,0.03785168424258028
444,BA,0.05,0.8,0.6,0.8,0.05,0.4495,0.15701831103409564
445,BA,0.05,0.8,0.6,0.8,0.1,0.394,0.17051099671282202
446,BA,0.05,0.8,0.6,0.8,0.2,0.28800000000000003,0.10943491216243562
447,BA,0.05,0.8,0.6,0.8,0.3,0.2975,0.12469462698929734
448,BA,0.05,0.8,0.6,0.8,0.4,0.2085,0.08673378811051664
449,BA,0.05,0.8,0.6,0.8,0.5,0.13499999999999995,0.08913472948295742
450,BA,0.05,0.8,0.8,1.0,0.05,0.9025000000000001,0.0584700778176325
451,BA,0.05,0.8,0.8,1.0,0.1,0.827,0.0430232495285979
452,BA,0.05,0.8,0.8,1.0,0.2,0.585,0.18090052515125546
453,BA,0.05,0.8,0.8,1.0,0.3,0.2415,0.14100620553720322
454,BA,0.05,0.8,0.8,1.0,0.4,0.0895,0.09841112741961651
455,BA,0.05,0.8,0.8,1.0,0.5,0.026000000000000002,0.04140048308896891
456,BA,0.05,0.9,0.2,0.4,0.05,0.11200000000000003,0.040693979898751606
457,BA,0.05,0.9,0.2,0.4,0.1,0.15400000000000003,0.055263007518592394
458,BA,0.05,0.9,0.2,0.4,0.2,0.21550000000000002,0.0550885650566431
459,BA,0.05,0.9,0.2,0.4,0.3,0.25749999999999995,0.05318599439702147
460,BA,0.05,0.9,0.2,0.4,0.4,0.29700000000000004,0.049709154086546276
461,BA,0.05,0.9,0.2,0.4,0.5,0.30500000000000005,0.04466542286825459
462,BA,0.05,0.9,0.4,0.6,0.05,0.177,0.044732538492690085
463,BA,0.05,0.9,0.4,0.6,0.1,0.1895,0.05886212704277684
464,BA,0.05,0.9,0.4,0.6,0.2,0.2495,0.03827205246651922
465,BA,0.05,0.9,0.4,0.6,0.3,0.309,0.04846648326421053
466,BA,0.05,0.9,0.4,0.6,0.4,0.30999999999999994,0.05974947698515862
467,BA,0.05,0.9,0.4,0.6,0.5,0.3185,0.05265690837867335
468,BA,0.05,0.9,0.6,0.8,0.05,0.4385,0.11833321596238311
469,BA,0.05,0.9,0.6,0.8,0.1,0.35950000000000004,0.1587600390526533
470,BA,0.05,0.9,0.6,0.8,0.2,0.29,0.1521512405470294
471,BA,0.05,0.9,0.6,0.8,0.3,0.2605,0.08766270586743259
472,BA,0.05,0.9,0.6,0.8,0.4,0.20700000000000002,0.09476813810558904
473,BA,0.05,0.9,0.6,0.8,0.5,0.14700000000000002,0.05657738063926254
474,BA,0.05,0.9,0.8,1.0,0.05,0.9024999999999999,0.034040417153730636
475,BA,0.05,0.9,0.8,1.0,0.1,0.8210000000000001,0.058728187440104086
476,BA,0.05,0.9,0.8,1.0,0.2,0.54,0.18226354544998846
477,BA,0.05,0.9,0.8,1.0,0.3,0.254,0.18768057970924962
478,BA,0.05,0.9,0.8,1.0,0.4,0.059,0.07126710321038733
479,BA,0.05,0.9,0.8,1.0,0.5,0.0175,0.024057223447438814
480,BA,0.1,0.5,0.2,0.4,0.05,0.2565,0.03424543765233553
481,BA,0.1,0.5,0.2,0.4,0.1,0.3,0.043358966777357594
482,BA,0.1,0.5,0.2,0.4,0.2,0.322,0.045011109739707594
483,BA,0.1,0.5,0.2,0.4,0.3,0.33449999999999996,0.052865395108709815
484,BA,0.1,0.5,0.2,0.4,0.4,0.338,0.048846698967279244
485,BA,0.1,0.5,0.2,0.4,0.5,0.3195,0.02871846096154875
486,BA,0.1,0.5,0.4,0.6,0.05,0.2975,0.0421752296970627
487,BA,0.1,0.5,0.4,0.6,0.1,0.30649999999999994,0.03850649295898031
488,BA,0.1,0.5,0.4,0.6,0.2,0.33999999999999997,0.04538722287164086
489,BA,0.1,0.5,0.4,0.6,0.3,0.35050000000000003,0.061112600991939464
490,BA,0.1,0.5,0.4,0.6,0.4,0.3355,0.037479994663820314
491,BA,0.1,0.5,0.4,0.6,0.5,0.312,0.03802630668366309
492,BA,0.1,0.5,0.6,0.8,0.05,0.5485,0.15441097758903025
493,BA,0.1,0.5,0.6,0.8,0.1,0.38100000000000006,0.1111710393942595
494,BA,0.1,0.5,0.6,0.8,0.2,0.36600000000000005,0.11359577456930342
495,BA,0.1,0.5,0.6,0.8,0.3,0.2665,0.10214083414580086
496,BA,0.1,0.5,0.6,0.8,0.4,0.17900000000000002,0.10079186475107998
497,BA,0.1,0.5,0.6,0.8,0.5,0.15,0.03911521443121589
498,BA,0.1,0.5,0.8,1.0,0.05,0.9075000000000001,0.0388426312188039
499,BA,0.1,0.5,0.8,1.0,0.1,0.821,0.04288356328478313
500,BA,0.1,0.5,0.8,1.0,0.2,0.4920000000000001,0.17437316307276185
501,BA,0.1,0.5,0.8,1.0,0.3,0.21600000000000003,0.2133401040592228
502,BA,0.1,0.5,0.8,1.0,0.4,0.091,0.08227393268830657
503,BA,0.1,0.5,0.8,1.0,0.5,0.017499999999999998,0.028788018340969564
504,BA,0.1,0.6,0.2,0.4,0.05,0.2355,0.04893618293246829
505,BA,0.1,0.6,0.2,0.4,0.1,0.2765000000000001,0.037719358425084594
506,BA,0.1,0.6,0.2,0.4,0.2,0.30500000000000005,0.05463515351859094
507,BA,0.1,0.6,0.2,0.4,0.3,0.32049999999999995,0.05295989048327045
508,BA,0.1,0.6,0.2,0.4,0.4,0.3245,0.045549423706562966
509,BA,0.1,0.6,0.2,0.4,0.5,0.31650000000000006,0.03785168424258027
510,BA,0.1,0.6,0.4,0.6,0.05,0.25250000000000006,0.04288064831599448
511,BA,0.1,0.6,0.4,0.6,0.1,0.265,0.034423828956117015
512,BA,0.1,0.6,0.4,0.6,0.2,0.3025,0.06057020719792859
513,BA,0.1,0.6,0.4,0.6,0.3,0.32599999999999996,0.039924929555354254
514,BA,0.1,0.6,0.4,0.6,0.4,0.33049999999999996,0.04341370751271999
515,BA,0.1,0.6,0.4,0.6,0.5,0.3345,0.0348532638356869
516,BA,0.1,0.6,0.6,0.8,0.05,0.3595,0.13610565748711548
517,BA,0.1,0.6,0.6,0.8,0.1,0.395,0.18098342465540868
518,BA,0.1,0.6,0.6,0.8,0.2,0.32300000000000006,0.14775317255477122
519,BA,0.1,0.6,0.6,0.8,0.3,0.2665,0.12974108832594244
520,BA,0.1,0.6,0.6,0.8,0.4,0.22549999999999998,0.08714786285388759
521,BA,0.1,0.6,0.6,0.8,0.5,0.146,0.063118935352238
522,BA,0.1,0.6,0.8,1.0,0.05,0.9014999999999999,0.039022429447690715
523,BA,0.1,0.6,0.8,1.0,0.1,0.8069999999999998,0.10877040038539898
524,BA,0.1,0.6,0.8,1.0,0.2,0.58,0.13501851724856112
525,BA,0.1,0.6,0.8,1.0,0.3,0.27749999999999997,0.18632968094214084
526,BA,0.1,0.6,0.8,1.0,0.4,0.094,0.12326394444443194
527,BA,0.1,0.6,0.8,1.0,0.5,0.044500000000000005,0.07053190767305248
528,BA,0.1,0.7,0.2,0.4,0.05,0.21150000000000002,0.03567562192870644
529,BA,0.1,0.7,0.2,0.4,0.1,0.215,0.04863126566315131
530,BA,0.1,0.7,0.2,0.4,0.2,0.279,0.03845776904605882
531,BA,0.1,0.7,0.2,0.4,0.3,0.304,0.04340506882842141
532,BA,0.1,0.7,0.2,0.4,0.4,0.32049999999999995,0.050246890451051796
533,BA,0.1,0.7,0.2,0.4,0.5,0.323,0.02882707061079914
534,BA,0.1,0.7,0.4,0.6,0.05,0.22949999999999995,0.04341370751271999
535,BA,0.1,0.7,0.4,0.6,0.1,0.26449999999999996,0.05132981589680601
536,BA,0.1,0.7,0.4,0.6,0.2,0.28150000000000003,0.0466127664915954
537,BA,0.1,0.7,0.4,0.6,0.3,0.31000000000000005,0.039496835316263
538,BA,0.1,0.7,0.4,0.6,0.4,0.331,0.043116122274620194
539,BA,0.1,0.7,0.4,0.6,0.5,0.32300000000000006,0.03195309061734092
540,BA,0.1,0.7,0.6,0.8,0.05,0.45099999999999996,0.17512566916360375
541,BA,0.1,0.7,0.6,0.8,0.1,0.40800000000000003,0.14641038214552957
542,BA,0.1,0.7,0.6,0.8,0.2,0.3435,0.10598466870260055
543,BA,0.1,0.7,0.6,0.8,0.3,0.21800000000000003,0.11029959202100433
544,BA,0.1,0.7,0.6,0.8,0.4,0.20249999999999999,0.10054227966383096
545,BA,0.1,0.7,0.6,0.8,0.5,0.1665,0.06490570082820152
546,BA,0.1,0.7,0.8,1.0,0.05,0.905,0.03263433774416145
547,BA,0.1,0.7,0.8,1.0,0.1,0.754,0.20814418079783062
548,BA,0.1,0.7,0.8,1.0,0.2,0.45549999999999996,0.2536035291552544
549,BA,0.1,0.7,0.8,1.0,0.3,0.2305,0.19479412208791103
550,BA,0.1,0.7,0.8,1.0,0.4,0.043,0.029
551,BA,0.1,0.7,0.8,1.0,0.5,0.015500000000000003,0.018567444627627144
552,BA,0.1,0.8,0.2,0.4,0.05,0.15999999999999998,0.04868264577855234
553,BA,0.1,0.8,0.2,0.4,0.1,0.19249999999999998,0.048463904093665425
554,BA,0.1,0.8,0.2,0.4,0.2,0.24200000000000005,0.029933259094191537
555,BA,0.1,0.8,0.2,0.4,0.3,0.29000000000000004,0.041833001326703784
556,BA,0.1,0.8,0.2,0.4,0.4,0.3055,0.03800986713999405
557,BA,0.1,0.8,0.2,0.4,0.5,0.3235,0.03623189202898463
558,BA,0.1,0.8,0.4,0.6,0.05,0.20500000000000002,0.05417564028232615
559,BA,0.1,0.8,0.4,0.6,0.1,0.24550000000000005,0.05463286556643355
560,BA,0.1,0.8,0.4,0.6,0.2,0.2615,0.05641586656251945
561,BA,0.1,0.8,0.4,0.6,0.3,0.294,0.051613951602255764
562,BA,0.1,0.8,0.4,0.6,0.4,0.31299999999999994,0.04184495190581535
563,BA,0.1,0.8,0.4,0.6,0.5,0.323,0.02899999999999999
564,BA,0.1,0.8,0.6,0.8,0.05,0.4445,0.18092747165646236
565,BA,0.1,0.8,0.6,0.8,0.1,0.3305,0.172727386363599
566,BA,0.1,0.8,0.6,0.8,0.2,0.33949999999999997,0.15124400814577746
567,BA,0.1,0.8,0.6,0.8,0.3,0.2465,0.1145545721479505
568,BA,0.1,0.8,0.6,0.8,0.4,0.147,0.06356886030125128
569,BA,0.1,0.8,0.6,0.8,0.5,0.14850000000000002,0.06117801892837002
570,BA,0.1,0.8,0.8,1.0,0.05,0.9205,0.028718460961548745
571,BA,0.1,0.8,0.8,1.0,0.1,0.8154999999999999,0.06003957028493791
572,BA,0.1,0.8,0.8,1.0,0.2,0.5635,0.2074915660936608
573,BA,0.1,0.8,0.8,1.0,0.3,0.2985,0.18942742673646815
574,BA,0.1,0.8,0.8,1.0,0.4,0.06849999999999999,0.07309411741036347
575,BA,0.1,0.8,0.8,1.0,0.5,0.0095,0.013955285736952863
576,BA,0.1,0.9,0.2,0.4,0.05,0.11000000000000003,0.034351128074635334
577,BA,0.1,0.9,0.2,0.4,0.1,0.14750000000000002,0.04794528131109463
578,BA,0.1,0.9,0.2,0.4,0.2,0.21950000000000003,0.055360184248248304
579,BA,0.1,0.9,0.2,0.4,0.3,0.26999999999999996,0.045497252664309304
580,BA,0.1,0.9,0.2,0.4,0.4,0.296,0.04684015371452148
581,BA,0.1,0.9,0.2,0.4,0.5,0.3,0.04795831523312719
582,BA,0.1,0.9,0.4,0.6,0.05,0.16799999999999998,0.04249705872175155
583,BA,0.1,0.9,0.4,0.6,0.1,0.2205,0.043413707512719994
584,BA,0.1,0.9,0.4,0.6,0.2,0.31049999999999994,0.06119436248544469
585,BA,0.1,0.9,0.4,0.6,0.3,0.3015,0.052561868307738076
586,BA,0.1,0.9,0.4,0.6,0.4,0.306,0.035972211497209895
587,BA,0.1,0.9,0.4,0.6,0.5,0.29900000000000004,0.03961060464067672
588,BA,0.1,0.9,0.6,0.8,0.05,0.42000000000000004,0.1695877354056006
589,BA,0.1,0.9,0.6,0.8,0.1,0.312,0.13640381226344078
590,BA,0.1,0.9,0.6,0.8,0.2,0.3135,0.14980904512078033
591,BA,0.1,0.9,0.6,0.8,0.3,0.21400000000000002,0.07914543574963752
592,BA,0.1,0.9,0.6,0.8,0.4,0.2305,0.0998736702039131
593,BA,0.1,0.9,0.6,0.8,0.5,0.1395,0.07331268648740134
594,BA,0.1,0.9,0.8,1.0,0.05,0.9225,0.024672859582950638
595,BA,0.1,0.9,0.8,1.0,0.1,0.804,0.07939773296511683
596,BA,0.1,0.9,0.8,1.0,0.2,0.487,0.19892460883460344
597,BA,0.1,0.9,0.8,1.0,0.3,0.3225,0.17064216946581523
598,BA,0.1,0.9,0.8,1.0,0.4,0.07,0.07987490219086343
599,BA,0.1,0.9,0.8,1.0,0.5,0.022000000000000002,0.026
600,BA,0.15,0.5,0.2,0.4,0.05,0.271,0.03672873534441391
601,BA,0.15,0.5,0.2,0.4,0.1,0.27649999999999997,0.040159058753910064
602,BA,0.15,0.5,0.2,0.4,0.2,0.314,0.039924929555354254
603,BA,0.15,0.5,0.2,0.4,0.3,0.3185,0.04725198408532704
604,BA,0.15,0.5,0.2,0.4,0.4,0.34049999999999997,0.04409931972264425
605,BA,0.15,0.5,0.2,0.4,0.5,0.321,0.03160696125855821
606,BA,0.15,0.5,0.4,0.6,0.05,0.29050000000000004,0.04466262419518137
607,BA,0.15,0.5,0.4,0.6,0.1,0.32599999999999996,0.038000000000000006
608,BA,0.15,0.5,0.4,0.6,0.2,0.34750000000000003,0.056202757939446346
609,BA,0.15,0.5,0.4,0.6,0.3,0.34700000000000003,0.04325505750776434
610,BA,0.15,0.5,0.4,0.6,0.4,0.32250000000000006,0.03960744879438714
611,BA,0.15,0.5,0.4,0.6,0.5,0.3145,0.027472713735632304
612,BA,0.15,0.5,0.6,0.8,0.05,0.4135,0.1891632892503194
613,BA,0.15,0.5,0.6,0.8,0.1,0.379,0.17924564150907552
614,BA,0.15,0.5,0.6,0.8,0.2,0.264,0.11065260954898443
615,BA,0.15,0.5,0.6,0.8,0.3,0.2365,0.09824840965633999
616,BA,0.15,0.5,0.6,0.8,0.4,0.177,0.10474254150057655
617,BA,0.15,0.5,0.6,0.8,0.5,0.141,0.06556675987114202
618,BA,0.15,0.5,0.8,1.0,0.05,0.8945000000000002,0.04200892762258993
619,BA,0.15,0.5,0.8,1.0,0.1,0.8029999999999999,0.09077995373429093
620,BA,0.15,0.5,0.8,1.0,0.2,0.5165,0.17587708776301703
621,BA,0.15,0.5,0.8,1.0,0.3,0.20049999999999998,0.1946400524044319
622,BA,0.15,0.5,0.8,1.0,0.4,0.05100000000000001,0.058043087443725806
623,BA,0.15,0.5,0.8,1.0,0.5,0.04,0.04868264577855234
624,BA,0.15,0.6,0.2,0.4,0.05,0.22849999999999998,0.04292726406376256
625,BA,0.15,0.6,0.2,0.4,0.1,0.265,0.04189272013130682
626,BA,0.15,0.6,0.2,0.4,0.2,0.303,0.048176757881783626
627,BA,0.15,0.6,0.2,0.4,0.3,0.31399999999999995,0.04651881339845203
628,BA,0.15,0.6,0.2,0.4,0.4,0.329,0.03462657938636156
629,BA,0.15,0.6,0.2,0.4,0.5,0.3165,0.03927785635698568
630,BA,0.15,0.6,0.4,0.6,0.05,0.2695,0.04790354892907205
631,BA,0.15,0.6,0.4,0.6,0.1,0.28350000000000003,0.053129558627942705
632,BA,0.15,0.6,0.4,0.6,0.2,0.3015,0.038376425054973524
633,BA,0.15,0.6,0.4,0.6,0.3,0.32849999999999996,0.047357681531088484
634,BA,0.15,0.6,0.4,0.6,0.4,0.32299999999999995,0.04124318125460255
635,BA,0.15,0.6,0.4,0.6,0.5,0.31399999999999995,0.03706750598570127
636,BA,0.15,0.6,0.6,0.8,0.05,0.403,0.1407515541654869
637,BA,0.15,0.6,0.6,0.8,0.1,0.3410000000000001,0.16582822437691358
638,BA,0.15,0.6,0.6,0.8,0.2,0.261,0.13988924190229926
639,BA,0.15,0.6,0.6,0.8,0.3,0.217,0.09823950325607313
640,BA,0.15,0.6,0.6,0.8,0.4,0.1935,0.07578093427769282
641,BA,0.15,0.6,0.6,0.8,0.5,0.11849999999999998,0.05570233388288143
642,BA,0.15,0.6,0.8,1.0,0.05,0.9020000000000001,0.043543082114154474
643,BA,0.15,0.6,0.8,1.0,0.1,0.806,0.07052659073002182
644,BA,0.15,0.6,0.8,1.0,0.2,0.5509999999999999,0.14442645187083977
645,BA,0.15,0.6,0.8,1.0,0.3,0.23349999999999999,0.17953481556511536
646,BA,0.15,0.6,0.8,1.0,0.4,0.067,0.09834124261976762
647,BA,0.15,0.6,0.8,1.0,0.5,0.027000000000000003,0.04796873982084583
648,BA,0.15,0.7,0.2,0.4,0.05,0.20450000000000004,0.049746859197340294
649,BA,0.15,0.7,0.2,0.4,0.1,0.21550000000000002,0.04104570623098109
650,BA,0.15,0.7,0.2,0.4,0.2,0.263,0.03620773398046334
651,BA,0.15,0.7,0.2,0.4,0.3,0.2915,0.04396305266925853
652,BA,0.15,0.7,0.2,0.4,0.4,0.324,0.04164132562731403
653,BA,0.15,0.7,0.2,0.4,0.5,0.31699999999999995,0.03421987726453735
654,BA,0.15,0.7,0.4,0.6,0.05,0.22999999999999993,0.046475800154488996
655,BA,0.15,0.7,0.4,0.6,0.1,0.263,0.04670117771534247
656,BA,0.15,0.7,0.4,0.6,0.2,0.29100000000000004,0.0431161222746202
657,BA,0.15,0.7,0.4,0.6,0.3,0.3205,0.05123231402152356
658,BA,0.15,0.7,0.4,0.6,0.4,0.32099999999999995,0.039102429592034305
659,BA,0.15,0.7,0.4,0.6,0.5,0.2899999999999999,0.04195235392680606
660,BA,0.15,0.7,0.6,0.8,0.05,0.35350000000000004,0.15411927199412798
661,BA,0.15,0.7,0.6,0.8,0.1,0.3775,0.1276273873429994
662,BA,0.15,0.7,0.6,0.8,0.2,0.26299999999999996,0.12950289572052048
663,BA,0.15,0.7,0.6,0.8,0.3,0.2065,0.12547011596392185
664,BA,0.15,0.7,0.6,0.8,0.4,0.194,0.1045657687773585
665,BA,0.15,0.7,0.6,0.8,0.5,0.1605,0.06689357218746805
666,BA,0.15,0.7,0.8,1.0,0.05,0.9215000000000002,0.021971572542719815
667,BA,0.15,0.7,0.8,1.0,0.1,0.7725,0.08017948615450214
668,BA,0.15,0.7,0.8,1.0,0.2,0.5015000000000001,0.20394300674453145
669,BA,0.15,0.7,0.8,1.0,0.3,0.231,0.21644629818964334
670,BA,0.15,0.7,0.8,1.0,0.4,0.0905,0.10547393042832907
671,BA,0.15,0.7,0.8,1.0,0.5,0.020999999999999998,0.04323193264243457
672,BA,0.15,0.8,0.2,0.4,0.05,0.15599999999999997,0.04211887937730538
673,BA,0.15,0.8,0.2,0.4,0.1,0.197,0.04517742799230607
674,BA,0.15,0.8,0.2,0.4,0.2,0.252,0.0642339474110069
675,BA,0.15,0.8,0.2,0.4,0.3,0.279,0.04887739763939976
676,BA,0.15,0.8,0.2,0.4,0.4,0.3195,0.04259988262894629
677,BA,0.15,0.8,0.2,0.4,0.5,0.3055,0.04903825037661927
678,BA,0.15,0.8,0.4,0.6,0.05,0.21749999999999997,0.05204565303654091
679,BA,0.15,0.8,0.4,0.6,0.1,0.23700000000000002,0.0487954915950234
680,BA,0.15,0.8,0.4,0.6,0.2,0.27249999999999996,0.042997092924987386
681,BA,0.15,0.8,0.4,0.6,0.3,0.30599999999999994,0.043977266854592044
682,BA,0.15,0.8,0.4,0.6,0.4,0.302,0.037229020937972576
683,BA,0.15,0.8,0.4,0.6,0.5,0.31099999999999994,0.0439203825119955
684,BA,0.15,0.8,0.6,0.8,0.05,0.3695,0.14378716910767803
685,BA,0.15,0.8,0.6,0.8,0.1,0.31700000000000006,0.1439131682647561
686,BA,0.15,0.8,0.6,0.8,0.2,0.306,0.1585685971433184
687,BA,0.15,0.8,0.6,0.8,0.3,0.21149999999999997,0.12491096829342088
688,BA,0.15,0.8,0.6,0.8,0.4,0.1765,0.06620234134832392
689,BA,0.15,0.8,0.6,0.8,0.5,0.121,0.051273774973177075
690,BA,0.15,0.8,0.8,1.0,0.05,0.8875,0.09873575846672775
691,BA,0.15,0.8,0.8,1.0,0.1,0.8084999999999999,0.06915742910201332
692,BA,0.15,0.8,0.8,1.0,0.2,0.528,0.15141334155218952
693,BA,0.15,0.8,0.8,1.0,0.3,0.20600000000000002,0.1590723106011854
694,BA,0.15,0.8,0.8,1.0,0.4,0.0645,0.09656474511953107
695,BA,0.15,0.8,0.8,1.0,0.5,0.026000000000000002,0.044090815370097215
696,BA,0.15,0.9,0.2,0.4,0.05,0.1285,0.044863682416850265
697,BA,0.15,0.9,0.2,0.4,0.1,0.17350000000000002,0.04441565039487771
698,BA,0.15,0.9,0.2,0.4,0.2,0.21600000000000003,0.03979949748426479
699,BA,0.15,0.9,0.2,0.4,0.3,0.26349999999999996,0.057989223136717394
700,BA,0.15,0.9,0.2,0.4,0.4,0.30399999999999994,0.0455411901469428
701,BA,0.15,0.9,0.2,0.4,0.5,0.29850000000000004,0.03609362824654789
702,BA,0.15,0.9,0.4,0.6,0.05,0.1835,0.043620522692879325
703,BA,0.15,0.9,0.4,0.6,0.1,0.2185,0.059939552884551946
704,BA,0.15,0.9,0.4,0.6,0.2,0.2635,0.04396305266925854
705,BA,0.15,0.9,0.4,0.6,0.3,0.29399999999999993,0.0577408001330082
706,BA,0.15,0.9,0.4,0.6,0.4,0.29200000000000004,0.05519057890618651
707,BA,0.15,0.9,0.4,0.6,0.5,0.30300000000000005,0.03318132004607412
708,BA,0.15,0.9,0.6,0.8,0.05,0.4029999999999999,0.20900000000000002
709,BA,0.15,0.9,0.6,0.8,0.1,0.35050000000000003,0.15752698181581465
710,BA,0.15,0.9,0.6,0.8,0.2,0.1965,0.09215611753974882
711,BA,0.15,0.9,0.6,0.8,0.3,0.18550000000000003,0.07838845578272352
712,BA,0.15,0.9,0.6,0.8,0.4,0.18850000000000006,0.07424789559307389
713,BA,0.15,0.9,0.6,0.8,0.5,0.11949999999999998,0.054724309040864096
714,BA,0.15,0.9,0.8,1.0,0.05,0.8995000000000001,0.04554942370656297
715,BA,0.15,0.9,0.8,1.0,0.1,0.8130000000000001,0.048280430818293245
716,BA,0.15,0.9,0.8,1.0,0.2,0.54,0.12605554331325539
717,BA,0.15,0.9,0.8,1.0,0.3,0.28450000000000003,0.18618472010344994
718,BA,0.15,0.9,0.8,1.0,0.4,0.058499999999999996,0.06567153112270187
719,BA,0.15,0.9,0.8,1.0,0.5,0.0095,0.018567444627627144
720,WS,0.05,0.5,0.2,0.4,0.05,0.2425,0.031284980421921314
721,WS,0.05,0.5,0.2,0.4,0.1,0.257,0.033778691508109075
722,WS,0.05,0.5,0.2,0.4,0.2,0.2955,0.03499642838919422
723,WS,0.05,0.5,0.2,0.4,0.3,0.31849999999999995,0.026320144376503703
724,WS,0.05,0.5,0.2,0.4,0.4,0.337,0.022158519806160338
725,WS,0.05,0.5,0.2,0.4,0.5,0.3335,0.025743931323712003
726,WS,0.05,0.5,0.4,0.6,0.05,0.23400000000000004,0.033674916480965475
727,WS,0.05,0.5,0.4,0.6,0.1,0.24650000000000002,0.03244610916581524
728,WS,0.05,0.5,0.4,0.6,0.2,0.3055,0.024994999499899976
729,WS,0.05,0.5,0.4,0.6,0.3,0.33749999999999997,0.026622359023948276
730,WS,0.05,0.5,0.4,0.6,0.4,0.34500000000000003,0.03584689665786984
731,WS,0.05,0.5,0.4,0.6,0.5,0.325,0.0330907842155486
732,WS,0.05,0.5,0.6,0.8,0.05,0.458,0.0903105752390051
733,WS,0.05,0.5,0.6,0.8,0.1,0.3505,0.12286069347028772
734,WS,0.05,0.5,0.6,0.8,0.2,0.3275,0.0880837669494215
735,WS,0.05,0.5,0.6,0.8,0.3,0.25249999999999995,0.11031205736455106
736,WS,0.05,0.5,0.6,0.8,0.4,0.23650000000000002,0.07498499849969993
737,WS,0.05,0.5,0.6,0.8,0.5,0.151,0.05620498198558559
738,WS,0.05,0.5,0.8,1.0,0.05,0.9155,0.03528101472463624
739,WS,0.05,0.5,0.8,1.0,0.1,0.7725,0.07292976072907413
740,WS,0.05,0.5,0.8,1.0,0.2,0.5225,0.12279556180904909
741,WS,0.05,0.5,0.8,1.0,0.3,0.3055,0.11222633380806842
742,WS,0.05,0.5,0.8,1.0,0.4,0.1285,0.08475110618747109
743,WS,0.05,0.5,0.8,1.0,0.5,0.0645,0.05945376354781925
744,WS,0.05,0.6,0.2,0.4,0.05,0.20800000000000005,0.0276767050061961
745,WS,0.05,0.6,0.2,0.4,0.1,0.2325,0.025074887836239672
746,WS,0.05,0.6,0.2,0.4,0.2,0.26000000000000006,0.02097617696340304
747,WS,0.05,0.6,0.2,0.4,0.3,0.309,0.028792360097775933
748,WS,0.05,0.6,0.2,0.4,0.4,0.33099999999999996,0.03793415347678132
749,WS,0.05,0.6,0.2,0.4,0.5,0.32799999999999996,0.027495454169735038
750,WS,0.05,0.6,0.4,0.6,0.05,0.185,0.027294688127912362
751,WS,0.05,0.6,0.4,0.6,0.1,0.2205,0.031855140872392954
752,WS,0.05,0.6,0.4,0.6,0.2,0.2675,0.03269174207655506
753,WS,0.05,0.6,0.4,0.6,0.3,0.3135,0.03677974986320598
754,WS,0.05,0.6,0.4,0.6,0.4,0.33749999999999997,0.028613807855648994
755,WS,0.05,0.6,0.4,0.6,0.5,0.321,0.0232163735324878
756,WS,0.05,0.6,0.6,0.8,0.05,0.45099999999999996,0.11374972527439352
757,WS,0.05,0.6,0.6,0.8,0.1,0.43,0.11282730166054669
758,WS,0.05,0.6,0.6,0.8,0.2,0.3315,0.1042724795907338
759,WS,0.05,0.6,0.6,0.8,0.3,0.26149999999999995,0.0812573073637073
760,WS,0.05,0.6,0.6,0.8,0.4,0.20999999999999996,0.06700746227100382
761,WS,0.05,0.6,0.6,0.8,0.5,0.20450000000000004,0.05817860431464474
762,WS,0.05,0.6,0.8,1.0,0.05,0.9109999999999999,0.04311612227462018
763,WS,0.05,0.6,0.8,1.0,0.1,0.7825000000000001,0.09164469433633352
764,WS,0.05,0.6,0.8,1.0,0.2,0.5405,0.12375277774660251
765,WS,0.05,0.6,0.8,1.0,0.3,0.33999999999999997,0.10300485425454473
766,WS,0.05,0.6,0.8,1.0,0.4,0.16450000000000004,0.07851592195217477
767,WS,0.05,0.6,0.8,1.0,0.5,0.07600000000000001,0.05141984052872976
768,WS,0.05,0.7,0.2,0.4,0.05,0.17050000000000004,0.03747999466382032
769,WS,0.05,0.7,0.2,0.4,0.1,0.201,0.024269322199023193
770,WS,0.05,0.7,0.2,0.4,0.2,0.25649999999999995,0.040530852446007105
771,WS,0.05,0.7,0.2,0.4,0.3,0.29200000000000004,0.025612496949731396
772,WS,0.05,0.7,0.2,0.4,0.4,0.32,0.03255764119219941
773,WS,0.05,0.7,0.2,0.4,0.5,0.325,0.026925824035672518
774,WS,0.05,0.7,0.4,0.6,0.05,0.173,0.03132091952673165
775,WS,0.05,0.7,0.4,0.6,0.1,0.194,0.03397057550292606
776,WS,0.05,0.7,0.4,0.6,0.2,0.2485,0.03453621287865825
777,WS,0.05,0.7,0.4,0.6,0.3,0.30699999999999994,0.02847806173179629
778,WS,0.05,0.7,0.4,0.6,0.4,0.33299999999999996,0.03522782990761707
779,WS,0.05,0.7,0.4,0.6,0.5,0.32199999999999995,0.02293468988235943
780,WS,0.05,0.7,0.6,0.8,0.05,0.40800000000000003,0.11587061750072795
781,WS,0.05,0.7,0.6,0.8,0.1,0.36500000000000005,0.12093386622447823
782,WS,0.05,0.7,0.6,0.8,0.2,0.2955,0.11951882696880857
783,WS,0.05,0.7,0.6,0.8,0.3,0.25450000000000006,0.11070117433884791
784,WS,0.05,0.7,0.6,0.8,0.4,0.223,0.0759670981412348
785,WS,0.05,0.7,0.6,0.8,0.5,0.176,0.06628725367670621
786,WS,0.05,0.7,0.8,1.0,0.05,0.898,0.05124451190127581
787,WS,0.05,0.7,0.8,1.0,0.1,0.785,0.06399218702310462
788,WS,0.05,0.7,0.8,1.0,0.2,0.5095,0.09431198227160745
789,WS,0.05,0.7,0.8,1.0,0.3,0.31900000000000006,0.11835962149314266
790,WS,0.05,0.7,0.8,1.0,0.4,0.15650000000000003,0.08782226369207298
791,WS,0.05,0.7,0.8,1.0,0.5,0.0635,0.07157338890956609
792,WS,0.05,0.8,0.2,0.4,0.05,0.1355,0.03278337993557101
793,WS,0.05,0.8,0.2,0.4,0.1,0.174,0.027820855486487106
794,WS,0.05,0.8,0.2,0.4,0.2,0.21150000000000008,0.029878922336657326
795,WS,0.05,0.8,0.2,0.4,0.3,0.27149999999999996,0.03595483277669359
796,WS,0.05,0.8,0.2,0.4,0.4,0.3035,0.03785168424258027
797,WS,0.05,0.8,0.2,0.4,0.5,0.31849999999999995,0.030704234235688074
798,WS,0.05,0.8,0.4,0.6,0.05,0.12400000000000003,0.02353720459187964
799,WS,0.05,0.8,0.4,0.6,0.1,0.173,0.036891733491393436
800,WS,0.05,0.8,0.4,0.6,0.2,0.24450000000000002,0.04153010955921017
801,WS,0.05,0.8,0.4,0.6,0.3,0.2825000000000001,0.03766629793329841
802,WS,0.05,0.8,0.4,0.6,0.4,0.30150000000000005,0.03290516676754579
803,WS,0.05,0.8,0.4,0.6,0.5,0.32199999999999995,0.033999999999999996
804,WS,0.05,0.8,0.6,0.8,0.05,0.434,0.15324490203592417
805,WS,0.05,0.8,0.6,0.8,0.1,0.3665,0.08603923523602475
806,WS,0.05,0.8,0.6,0.8,0.2,0.28500000000000003,0.1138639539099183
807,WS,0.05,0.8,0.6,0.8,0.3,0.263,0.07681796664843453
808,WS,0.05,0.8,0.6,0.8,0.4,0.19649999999999998,0.07261370394078517
809,WS,0.05,0.8,0.6,0.8,0.5,0.1575,0.05337368265353254
810,WS,0.05,0.8,0.8,1.0,0.05,0.9199999999999999,0.033015148038438344
811,WS,0.05,0.8,0.8,1.0,0.1,0.7915,0.09073450280901968
812,WS,0.05,0.8,0.8,1.0,0.2,0.5530000000000002,0.05622277118748239
813,WS,0.05,0.8,0.8,1.0,0.3,0.3165,0.08421846590861175
814,WS,0.05,0.8,0.8,1.0,0.4,0.17450000000000002,0.06909956584523524
815,WS,0.05,0.8,0.8,1.0,0.5,0.07600000000000003,0.05190375708944391
816,WS,0.05,0.9,0.2,0.4,0.05,0.098,0.023151673805580454
817,WS,0.05,0.9,0.2,0.4,0.1,0.12449999999999997,0.031855140872392954
818,WS,0.05,0.9,0.2,0.4,0.2,0.18949999999999997,0.02940663190506522
819,WS,0.05,0.9,0.2,0.4,0.3,0.2435,0.03244610916581525
820,WS,0.05,0.9,0.2,0.4,0.4,0.3015,0.033207679834640666
821,WS,0.05,0.9,0.2,0.4,0.5,0.30999999999999994,0.033166247903554
822,WS,0.05,0.9,0.4,0.6,0.05,0.10550000000000001,0.024994999499899976
823,WS,0.05,0.9,0.4,0.6,0.1,0.13849999999999998,0.0379835490706174
824,WS,0.05,0.9,0.4,0.6,0.2,0.21350000000000002,0.030704234235688084
825,WS,0.05,0.9,0.4,0.6,0.3,0.27249999999999996,0.032074132879939245
826,WS,0.05,0.9,0.4,0.6,0.4,0.29600000000000004,0.027640549922170504
827,WS,0.05,0.9,0.4,0.6,0.5,0.3255,0.03169779172119093
828,WS,0.05,0.9,0.6,0.8,0.05,0.4505,0.10047263308981208
829,WS,0.05,0.9,0.6,0.8,0.1,0.4175,0.0975640815054393
830,WS,0.05,0.9,0.6,0.8,0.2,0.30100000000000005,0.10353260356042437
831,WS,0.05,0.9,0.6,0.8,0.3,0.277,0.08660831368869851
832,WS,0.05,0.9,0.6,0.8,0.4,0.191,0.0689129886160802
833,WS,0.05,0.9,0.6,0.8,0.5,0.1665,0.06908509245850367
834,WS,0.05,0.9,0.8,1.0,0.05,0.8875,0.05566641716510951
835,WS,0.05,0.9,0.8,1.0,0.1,0.7785,0.06513639535620619
836,WS,0.05,0.9,0.8,1.0,0.2,0.533,0.09138380600522174
837,WS,0.05,0.9,0.8,1.0,0.3,0.2955,0.08417095698636198
838,WS,0.05,0.9,0.8,1.0,0.4,0.1615,0.06498269000279998
839,WS,0.05,0.9,0.8,1.0,0.5,0.08299999999999999,0.05273518749374084
840,WS,0.1,0.5,0.2,0.4,0.05,0.2185,0.02779838124783528
841,WS,0.1,0.5,0.2,0.4,0.1,0.2395,0.02854382595238417
842,WS,0.1,0.5,0.2,0.4,0.2,0.2975,0.029304436524185202
843,WS,0.1,0.5,0.2,0.4,0.3,0.321,0.02071231517720799
844,WS,0.1,0.5,0.2,0.4,0.4,0.34049999999999997,0.025588083163847967
845,WS,0.1,0.5,0.2,0.4,0.5,0.3345,0.022688102609076857
846,WS,0.1,0.5,0.4,0.6,0.05,0.23600000000000004,0.024372115213907884
847,WS,0.1,0.5,0.4,0.6,0.1,0.2705,0.031855140872392954
848,WS,0.1,0.5,0.4,0.6,0.2,0.305,0.028372521918222218
849,WS,0.1,0.5,0.4,0.6,0.3,0.341,0.02343074902771996
850,WS,0.1,0.5,0.4,0.6,0.4,0.337,0.023895606290697043
851,WS,0.1,0.5,0.4,0.6,0.5,0.32649999999999996,0.025154522456210533
852,WS,0.1,0.5,0.6,0.8,0.05,0.413,0.1289224573144648
853,WS,0.1,0.5,0.6,0.8,0.1,0.3504999999999999,0.10993065996345151
854,WS,0.1,0.5,0.6,0.8,0.2,0.32,0.12485992151206889
855,WS,0.1,0.5,0.6,0.8,0.3,0.2345,0.07952829685086937
856,WS,0.1,0.5,0.6,0.8,0.4,0.2,0.1049285471165974
857,WS,0.1,0.5,0.6,0.8,0.5,0.128,0.047602520941647616
858,WS,0.1,0.5,0.8,1.0,0.05,0.8854999999999998,0.054906739112790134
859,WS,0.1,0.5,0.8,1.0,0.1,0.7929999999999999,0.06921704992268886
860,WS,0.1,0.5,0.8,1.0,0.2,0.5379999999999999,0.12359611644384302
861,WS,0.1,0.5,0.8,1.0,0.3,0.30900000000000005,0.0777110030819317
862,WS,0.1,0.5,0.8,1.0,0.4,0.1545,0.0776836533641409
863,WS,0.1,0.5,0.8,1.0,0.5,0.06449999999999999,0.05678688228807776
864,WS,0.1,0.6,0.2,0.4,0.05,0.21150000000000002,0.03182373328193913
865,WS,0.1,0.6,0.2,0.4,0.1,0.23149999999999998,0.03409912022325503
866,WS,0.1,0.6,0.2,0.4,0.2,0.281,0.02964793416074718
867,WS,0.1,0.6,0.2,0.4,0.3,0.307,0.0187349939951952
868,WS,0.1,0.6,0.2,0.4,0.4,0.3255,0.021089096708963143
869,WS,0.1,0.6,0.2,0.4,0.5,0.324,0.027092434368288135
870,WS,0.1,0.6,0.4,0.6,0.05,0.194,0.03967366884975474
871,WS,0.1,0.6,0.4,0.6,0.1,0.2165,0.045746584571965586
872,WS,0.1,0.6,0.4,0.6,0.2,0.277,0.03163858403911275
873,WS,0.1,0.6,0.4,0.6,0.3,0.30200000000000005,0.030757112998459398
874,WS,0.1,0.6,0.4,0.6,0.4,0.3275,0.030475399915341553
875,WS,0.1,0.6,0.4,0.6,0.5,0.3305,0.03278337993557101
876,WS,0.1,0.6,0.6,0.8,0.05,0.36849999999999994,0.12900678276741884
877,WS,0.1,0.6,0.6,0.8,0.1,0.404,0.12097107092193571
878,WS,0.1,0.6,0.6,0.8,0.2,0.347,0.12124768039018313
879,WS,0.1,0.6,0.6,0.8,0.3,0.23949999999999996,0.09728694670920657
880,WS,0.1,0.6,0.6,0.8,0.4,0.21799999999999997,0.05827520913733387
881,WS,0.1,0.6,0.6,0.8,0.5,0.1715,0.059014828645010904
882,WS,0.1,0.6,0.8,1.0,0.05,0.9115,0.037983549070617385
883,WS,0.1,0.6,0.8,1.0,0.1,0.7745,0.07165716991341481
884,WS,0.1,0.6,0.8,1.0,0.2,0.5335,0.10374367450596686
885,WS,0.1,0.6,0.8,1.0,0.3,0.3255,0.11253777143697133
886,WS,0.1,0.6,0.8,1.0,0.4,0.155,0.05509083408335727
887,WS,0.1,0.6,0.8,1.0,0.5,0.08399999999999999,0.08616263691415207
888,WS,0.1,0.7,0.2,0.4,0.05,0.17850000000000002,0.029711109033491157
889,WS,0.1,0.7,0.2,0.4,0.1,0.18850000000000006,0.0348245602987317
890,WS,0.1,0.7,0.2,0.4,0.2,0.2485,0.039783790669065205
891,WS,0.1,0.7,0.2,0.4,0.3,0.29650000000000004,0.026129485260907838
892,WS,0.1,0.7,0.2,0.4,0.4,0.3165,0.0359548327766936
893,WS,0.1,0.7,0.2,0.4,0.5,0.32500000000000007,0.023345235059857496
894,WS,0.1,0.7,0.4,0.6,0.05,0.173,0.030347981810987034
895,WS,0.1,0.7,0.4,0.6,0.1,0.18850000000000003,0.026884010117540134
896,WS,0.1,0.7,0.4,0.6,0.2,0.2475,0.033596874854664685
897,WS,0.1,0.7,0.4,0.6,0.3,0.28700000000000003,0.038871583451153616
898,WS,0.1,0.7,0.4,0.6,0.4,0.31900000000000006,0.024269322199023183
899,WS,0.1,0.7,0.4,0.6,0.5,0.31999999999999995,0.03286335345030996
900,WS,0.1,0.7,0.6,0.8,0.05,0.45500000000000007,0.1297882891481354
901,WS,0.1,0.7,0.6,0.8,0.1,0.3895,0.10655866928598536
902,WS,0.1,0.7,0.6,0.8,0.2,0.2955,0.08743426101935099
903,WS,0.1,0.7,0.6,0.8,0.3,0.23700000000000002,0.08479976415061542
904,WS,0.1,0.7,0.6,0.8,0.4,0.209,0.06876772498781678
905,WS,0.1,0.7,0.6,0.8,0.5,0.1685,0.06620234134832394
906,WS,0.1,0.7,0.8,1.0,0.05,0.9064999999999998,0.06060321773635454
907,WS,0.1,0.7,0.8,1.0,0.1,0.781,0.05830094338859364
908,WS,0.1,0.7,0.8,1.0,0.2,0.5205,0.09677163840712837
909,WS,0.1,0.7,0.8,1.0,0.3,0.3155,0.10860363713983064
910,WS,0.1,0.7,0.8,1.0,0.4,0.155,0.0713792686989717
911,WS,0.1,0.7,0.8,1.0,0.5,0.08150000000000002,0.06295037728242778
912,WS,0.1,0.8,0.2,0.4,0.05,0.1405,0.029236107812087436
913,WS,0.1,0.8,0.2,0.4,0.1,0.15850000000000003,0.02475378758897313
914,WS,0.1,0.8,0.2,0.4,0.2,0.21400000000000002,0.04017461885320133
915,WS,0.1,0.8,0.2,0.4,0.3,0.2725000000000001,0.03658893275295141
916,WS,0.1,0.8,0.2,0.4,0.4,0.3045,0.01986831648630553
917,WS,0.1,0.8,0.2,0.4,0.5,0.31849999999999995,0.023296995514443485
918,WS,0.1,0.8,0.4,0.6,0.05,0.15200000000000002,0.03264965543462901
919,WS,0.1,0.8,0.4,0.6,0.1,0.171,0.03389690251335659
920,WS,0.1,0.8,0.4,0.6,0.2,0.219,0.02861817604250837
921,WS,0.1,0.8,0.4,0.6,0.3,0.2815,0.032136427928442825
922,WS,0.1,0.8,0.4,0.6,0.4,0.3095,0.020850659461993045
923,WS,0.1,0.8,0.4,0.6,0.5,0.299,0.03254228019054596
924,WS,0.1,0.8,0.6,0.8,0.05,0.39049999999999996,0.12650988103701621
925,WS,0.1,0.8,0.6,0.8,0.1,0.37450000000000006,0.10651173644251605
926,WS,0.1,0.8,0.6,0.8,0.2,0.2965,0.07695940488335393
927,WS,0.1,0.8,0.6,0.8,0.3,0.26450000000000007,0.11787599416335798
928,WS,0.1,0.8,0.6,0.8,0.4,0.2,0.06473020933072904
929,WS,0.1,0.8,0.6,0.8,0.5,0.15950000000000003,0.07559596550081227
930,WS,0.1,0.8,0.8,1.0,0.05,0.9025000000000001,0.04689083066016211
931,WS,0.1,0.8,0.8,1.0,0.1,0.7719999999999999,0.06337191807101944
932,WS,0.1,0.8,0.8,1.0,0.2,0.5259999999999999,0.11871815362445627
933,WS,0.1,0.8,0.8,1.0,0.3,0.2925000000000001,0.10212125146119196
934,WS,0.1,0.8,0.8,1.0,0.4,0.174,0.06814690014960328
935,WS,0.1,0.8,0.8,1.0,0.5,0.091,0.051078371156488535
936,WS,0.1,0.9,0.2,0.4,0.05,0.07850000000000001,0.02006863224038948
937,WS,0.1,0.9,0.2,0.4,0.1,0.124,0.02764054992217051
938,WS,0.1,0.9,0.2,0.4,0.2,0.1785,0.030540956108150902
939,WS,0.1,0.9,0.2,0.4,0.3,0.2465,0.0359548327766936
940,WS,0.1,0.9,0.2,0.4,0.4,0.28300000000000003,0.03756327994198589
941,WS,0.1,0.9,0.2,0.4,0.5,0.302,0.025416530054277662
942,WS,0.1,0.9,0.4,0.6,0.05,0.1025,0.030801785662522882
943,WS,0.1,0.9,0.4,0.6,0.1,0.147,0.03241913015489466
944,WS,0.1,0.9,0.4,0.6,0.2,0.2265,0.04315958757912314
945,WS,0.1,0.9,0.4,0.6,0.3,0.28,0.028106938645110394
946,WS,0.1,0.9,0.4,0.6,0.4,0.303,0.04382921400162225
947,WS,0.1,0.9,0.4,0.6,0.5,0.3305,0.02578274616870748
948,WS,0.1,0.9,0.6,0.8,0.05,0.42349999999999993,0.12378509603340784
949,WS,0.1,0.9,0.6,0.8,0.1,0.37200000000000005,0.09977975746613138
950,WS,0.1,0.9,0.6,0.8,0.2,0.26849999999999996,0.08131881701057879
951,WS,0.1,0.9,0.6,0.8,0.3,0.26149999999999995,0.08415907556526508
952,WS,0.1,0.9,0.6,0.8,0.4,0.22350000000000003,0.08861574352224326
953,WS,0.1,0.9,0.6,0.8,0.5,0.16699999999999998,0.0681248853210044
954,WS,0.1,0.9,0.8,1.0,0.05,0.9100000000000001,0.036606010435446236
955,WS,0.1,0.9,0.8,1.0,0.1,0.7825,0.06106349154773252
956,WS,0.1,0.9,0.8,1.0,0.2,0.5755,0.11329055565226961
957,WS,0.1,0.9,0.8,1.0,0.3,0.33000000000000007,0.10737783756436894
958,WS,0.1,0.9,0.8,1.0,0.4,0.17,0.07375635565834311
959,WS,0.1,0.9,0.8,1.0,0.5,0.06650000000000002,0.05227571137727348
960,WS,0.15,0.5,0.2,0.4,0.05,0.229,0.028089143810376284
961,WS,0.15,0.5,0.2,0.4,0.1,0.2505,0.024181604578687493
962,WS,0.15,0.5,0.2,0.4,0.2,0.28800000000000003,0.02135415650406262
963,WS,0.15,0.5,0.2,0.4,0.3,0.3115,0.02797766966707556
964,WS,0.15,0.5,0.2,0.4,0.4,0.3285,0.029201883500897665
965,WS,0.15,0.5,0.2,0.4,0.5,0.3345,0.024994999499899976
966,WS,0.15,0.5,0.4,0.6,0.05,0.2355,0.032630507198019465
967,WS,0.15,0.5,0.4,0.6,0.1,0.27349999999999997,0.031188940347501384
968,WS,0.15,0.5,0.4,0.6,0.2,0.311,0.032388269481403296
969,WS,0.15,0.5,0.4,0.6,0.3,0.326,0.03469870314579494
970,WS,0.15,0.5,0.4,0.6,0.4,0.3255,0.03891978931083775
971,WS,0.15,0.5,0.4,0.6,0.5,0.3295,0.027654113618049668
972,WS,0.15,0.5,0.6,0.8,0.05,0.3675,0.10285305051382775
973,WS,0.15,0.5,0.6,0.8,0.1,0.344,0.11222299229658778
974,WS,0.15,0.5,0.6,0.8,0.2,0.3125,0.10610725705624476
975,WS,0.15,0.5,0.6,0.8,0.3,0.254,0.08266801074176153
976,WS,0.15,0.5,0.6,0.8,0.4,0.1985,0.07773512719485318
977,WS,0.15,0.5,0.6,0.8,0.5,0.17550000000000002,0.07102640354121839
978,WS,0.15,0.5,0.8,1.0,0.05,0.9004999999999999,0.055540525744720834
979,WS,0.15,0.5,0.8,1.0,0.1,0.7795,0.07671212420471749
980,WS,0.15,0.5,0.8,1.0,0.2,0.4805,0.10702686578611935
981,WS,0.15,0.5,0.8,1.0,0.3,0.301,0.09191844211038393
982,WS,0.15,0.5,0.8,1.0,0.4,0.13949999999999999,0.07605754400452332
983,WS,0.15,0.5,0.8,1.0,0.5,0.10049999999999999,0.05809259849584971
984,WS,0.15,0.6,0.2,0.4,0.05,0.20250000000000004,0.03519588044075613
985,WS,0.15,0.6,0.2,0.4,0.1,0.23650000000000002,0.0366435533211505
986,WS,0.15,0.6,0.2,0.4,0.2,0.2695,0.038661996844446614
987,WS,0.15,0.6,0.2,0.4,0.3,0.306,0.0265329983228432
988,WS,0.15,0.6,0.2,0.4,0.4,0.31500000000000006,0.02655183609470351
989,WS,0.15,0.6,0.2,0.4,0.5,0.33399999999999996,0.023748684174075826
990,WS,0.15,0.6,0.4,0.6,0.05,0.20050000000000004,0.032167530212933663
991,WS,0.15,0.6,0.4,0.6,0.1,0.2325,0.03222964473896665
992,WS,0.15,0.6,0.4,0.6,0.2,0.27199999999999996,0.04142463035441596
993,WS,0.15,0.6,0.4,0.6,0.3,0.30900000000000005,0.028266588050205137
994,WS,0.15,0.6,0.4,0.6,0.4,0.32149999999999995,0.030704234235688077
995,WS,0.15,0.6,0.4,0.6,0.5,0.31799999999999995,0.024819347291981715
996,WS,0.15,0.6,0.6,0.8,0.05,0.34950000000000003,0.12913074769395552
997,WS,0.15,0.6,0.6,0.8,0.1,0.32600000000000007,0.1096540012949824
998,WS,0.15,0.6,0.6,0.8,0.2,0.26549999999999996,0.12611403569785562
999,WS,0.15,0.6,0.6,0.8,0.3,0.22699999999999995,0.08643494663618415
1000,WS,0.15,0.6,0.6,0.8,0.4,0.1825,0.08275717491553225
1001,WS,0.15,0.6,0.6,0.8,0.5,0.12800000000000003,0.05749782604586021
1002,WS,0.15,0.6,0.8,1.0,0.05,0.8844999999999998,0.05987278179607157
1003,WS,0.15,0.6,0.8,1.0,0.1,0.7565,0.08656067236337757
1004,WS,0.15,0.6,0.8,1.0,0.2,0.531,0.0889325587172662
1005,WS,0.15,0.6,0.8,1.0,0.3,0.2735000000000001,0.0845739321540627
1006,WS,0.15,0.6,0.8,1.0,0.4,0.16099999999999998,0.07272551134230684
1007,WS,0.15,0.6,0.8,1.0,0.5,0.047,0.035369478367654784
1008,WS,0.15,0.7,0.2,0.4,0.05,0.1865,0.03320767983464066
1009,WS,0.15,0.7,0.2,0.4,0.1,0.20350000000000001,0.02971110903349116
1010,WS,0.15,0.7,0.2,0.4,0.2,0.2615,0.02885740806101615
1011,WS,0.15,0.7,0.2,0.4,0.3,0.288,0.03893584466786357
1012,WS,0.15,0.7,0.2,0.4,0.4,0.325,0.02109502310972899
1013,WS,0.15,0.7,0.2,0.4,0.5,0.3145,0.026547127904916566
1014,WS,0.15,0.7,0.4,0.6,0.05,0.178,0.02839013913315678
1015,WS,0.15,0.7,0.4,0.6,0.1,0.20400000000000001,0.032465366161495854
1016,WS,0.15,0.7,0.4,0.6,0.2,0.26449999999999996,0.03968311983702895
1017,WS,0.15,0.7,0.4,0.6,0.3,0.298,0.03310589071449369
1018,WS,0.15,0.7,0.4,0.6,0.4,0.321,0.033451457367355455
1019,WS,0.15,0.7,0.4,0.6,0.5,0.31,0.02121320343559643
1020,WS,0.15,0.7,0.6,0.8,0.05,0.44799999999999995,0.10122252713699653
1021,WS,0.15,0.7,0.6,0.8,0.1,0.37650000000000006,0.1248709333672172
1022,WS,0.15,0.7,0.6,0.8,0.2,0.2645,0.0781328996006164
1023,WS,0.15,0.7,0.6,0.8,0.3,0.23800000000000004,0.06622688275919379
1024,WS,0.15,0.7,0.6,0.8,0.4,0.1975,0.06699813430238188
1025,WS,0.15,0.7,0.6,0.8,0.5,0.17850000000000005,0.06821106948289259
1026,WS,0.15,0.7,0.8,1.0,0.05,0.8845000000000001,0.05014728307695243
1027,WS,0.15,0.7,0.8,1.0,0.1,0.7630000000000001,0.09187491496594705
1028,WS,0.15,0.7,0.8,1.0,0.2,0.5279999999999998,0.09064215354899728
1029,WS,0.15,0.7,0.8,1.0,0.3,0.29900000000000004,0.099443451267542
1030,WS,0.15,0.7,0.8,1.0,0.4,0.1315,0.08673378811051664
1031,WS,0.15,0.7,0.8,1.0,0.5,0.0685,0.0423408785926792
1032,WS,0.15,0.8,0.2,0.4,0.05,0.144,0.02395829710142188
1033,WS,0.15,0.8,0.2,0.4,0.1,0.1695,0.032167530212933663
1034,WS,0.15,0.8,0.2,0.4,0.2,0.21200000000000002,0.027676705006196095
1035,WS,0.15,0.8,0.2,0.4,0.3,0.26749999999999996,0.030639027399707065
1036,WS,0.15,0.8,0.2,0.4,0.4,0.28500000000000003,0.027838821814150105
1037,WS,0.15,0.8,0.2,0.4,0.5,0.3135,0.030866648668101307
1038,WS,0.15,0.8,0.4,0.6,0.05,0.143,0.033030289129827486
1039,WS,0.15,0.8,0.4,0.6,0.1,0.16399999999999998,0.03056141357987225
1040,WS,0.15,0.8,0.4,0.6,0.2,0.23150000000000004,0.03553519382246283
1041,WS,0.15,0.8,0.4,0.6,0.3,0.2875,0.04345975149491769
1042,WS,0.15,0.8,0.4,0.6,0.4,0.3015,0.0423408785926792
1043,WS,0.15,0.8,0.4,0.6,0.5,0.30649999999999994,0.031980462785894774
1044,WS,0.15,0.8,0.6,0.8,0.05,0.3985,0.1210898426788969
1045,WS,0.15,0.8,0.6,0.8,0.1,0.3245,0.10190559356580971
1046,WS,0.15,0.8,0.6,0.8,0.2,0.263,0.09711333585043816
1047,WS,0.15,0.8,0.6,0.8,0.3,0.273,0.09165696918401786
1048,WS,0.15,0.8,0.6,0.8,0.4,0.194,0.06636264009214823
1049,WS,0.15,0.8,0.6,0.8,0.5,0.1515,0.058418746991013085
1050,WS,0.15,0.8,0.8,1.0,0.05,0.8975,0.04667708217101836
1051,WS,0.15,0.8,0.8,1.0,0.1,0.783,0.045398237851264664
1052,WS,0.15,0.8,0.8,1.0,0.2,0.479,0.11357376457615553
1053,WS,0.15,0.8,0.8,1.0,0.3,0.262,0.07277362159464101
1054,WS,0.15,0.8,0.8,1.0,0.4,0.16699999999999998,0.060917977642072144
1055,WS,0.15,0.8,0.8,1.0,0.5,0.06400000000000002,0.04487761134463376
1056,WS,0.15,0.9,0.2,0.4,0.05,0.09500000000000001,0.022912878474779203
1057,WS,0.15,0.9,0.2,0.4,0.1,0.123,0.031638584039112745
1058,WS,0.15,0.9,0.2,0.4,0.2,0.193,0.027037011669191553
1059,WS,0.15,0.9,0.2,0.4,0.3,0.2495,0.021324868112136124
1060,WS,0.15,0.9,0.2,0.4,0.4,0.29650000000000004,0.029542342493444895
1061,WS,0.15,0.9,0.2,0.4,0.5,0.292,0.026944387170614956
1062,WS,0.15,0.9,0.4,0.6,0.05,0.126,0.03292415526630866
1063,WS,0.15,0.9,0.4,0.6,0.1,0.165,0.03248076353782343
1064,WS,0.15,0.9,0.4,0.6,0.2,0.233,0.028653097563788803
1065,WS,0.15,0.9,0.4,0.6,0.3,0.2760000000000001,0.032619012860600184
1066,WS,0.15,0.9,0.4,0.6,0.4,0.287,0.03195309061734091
1067,WS,0.15,0.9,0.4,0.6,0.5,0.30849999999999994,0.03424543765233553
1068,WS,0.15,0.9,0.6,0.8,0.05,0.31250000000000006,0.11321991874224252
1069,WS,0.15,0.9,0.6,0.8,0.1,0.391,0.13371237788626752
1070,WS,0.15,0.9,0.6,0.8,0.2,0.29000000000000004,0.08949860334105779
1071,WS,0.15,0.9,0.6,0.8,0.3,0.24200000000000005,0.10656453443805777
1072,WS,0.15,0.9,0.6,0.8,0.4,0.19050000000000003,0.0646896436842869
1073,WS,0.15,0.9,0.6,0.8,0.5,0.16000000000000003,0.062048368229954284
1074,WS,0.15,0.9,0.8,1.0,0.05,0.9015000000000001,0.03990927210561475
1075,WS,0.15,0.9,0.8,1.0,0.1,0.7545,0.07592595076783694
1076,WS,0.15,0.9,0.8,1.0,0.2,0.5005000000000001,0.12737641068894975
1077,WS,0.15,0.9,0.8,1.0,0.3,0.31099999999999994,0.10382196299434913
1078,WS,0.15,0.9,0.8,1.0,0.4,0.15299999999999997,0.059000000000000004
1079,WS,0.15,0.9,0.8,1.0,0.5,0.06749999999999999,0.05948739362251467
